"","obecA","obecB","pocet","okresA","okresB","obecA_nazov","obecB_nazov"
"1","507300","507300",18,"SK0318","SK0318","Ivachnová","Ivachnová"
"2","507300","507407",1,"SK0318","SK0318","Ivachnová","Turík"
"3","507300","510262",10,"SK0318","SK0315","Ivachnová","Liptovský Mikuláš"
"4","507300","510301",6,"SK0318","SK0318","Ivachnová","Bešeòová"
"5","507300","510386",1,"SK0318","SK0315","Ivachnová","Demänovská Dolina"
"6","507300","510572",1,"SK0318","SK0315","Ivachnová","Kvaèany"
"7","507300","510599",1,"SK0318","SK0318","Ivachnová","Likavka"
"8","507300","510637",1,"SK0318","SK0318","Ivachnová","Liptovská Osada"
"9","507300","510670",9,"SK0318","SK0318","Ivachnová","Liptovská Teplá"
"10","507300","510726",3,"SK0318","SK0315","Ivachnová","Liptovský Hrádok"
"11","507300","510785",1,"SK0318","SK0318","Ivachnová","Lisková"
"12","507300","510807",1,"SK0318","SK0318","Ivachnová","¼ubochòa"
"13","507300","510904",1,"SK0318","SK0315","Ivachnová","Partizánska ¼upèa"
"14","507300","510998",93,"SK0318","SK0318","Ivachnová","Ružomberok"
"15","507300","511005",1,"SK0318","SK0318","Ivachnová","Liptovské Sliaèe"
"16","507300","511056",1,"SK0318","SK0318","Ivachnová","Štiavnièka"
"17","507393","507393",2,"SK0315","SK0315","Konská","Konská"
"18","507393","510262",41,"SK0315","SK0315","Konská","Liptovský Mikuláš"
"19","507393","510611",1,"SK0315","SK0315","Konská","Liptovská Kokava"
"20","507393","510726",4,"SK0315","SK0315","Konská","Liptovský Hrádok"
"21","507393","510751",2,"SK0315","SK0315","Konská","Liptovský Ondrej"
"22","507393","510963",2,"SK0315","SK0315","Konská","Pribylina"
"23","507393","511196",2,"SK0315","SK0315","Konská","Závažná Poruba"
"24","507393","511200",1,"SK0315","SK0315","Konská","Žiar"
"25","507407","507407",5,"SK0318","SK0318","Turík","Turík"
"26","507407","510262",2,"SK0318","SK0315","Turík","Liptovský Mikuláš"
"27","507407","510301",1,"SK0318","SK0318","Turík","Bešeòová"
"28","507407","510599",1,"SK0318","SK0318","Turík","Likavka"
"29","507407","510670",3,"SK0318","SK0318","Turík","Liptovská Teplá"
"30","507407","510785",4,"SK0318","SK0318","Turík","Lisková"
"31","507407","510904",1,"SK0318","SK0315","Turík","Partizánska ¼upèa"
"32","507407","510955",1,"SK0318","SK0318","Turík","Potok"
"33","507407","510998",27,"SK0318","SK0318","Turík","Ružomberok"
"34","507407","511005",1,"SK0318","SK0318","Turík","Liptovské Sliaèe"
"35","507407","511056",1,"SK0318","SK0318","Turík","Štiavnièka"
"36","510262","507300",3,"SK0315","SK0318","Liptovský Mikuláš","Ivachnová"
"37","510262","507393",1,"SK0315","SK0315","Liptovský Mikuláš","Konská"
"38","510262","510262",5181,"SK0315","SK0315","Liptovský Mikuláš","Liptovský Mikuláš"
"39","510262","510271",2,"SK0315","SK0315","Liptovský Mikuláš","Beòadiková"
"40","510262","510301",6,"SK0315","SK0318","Liptovský Mikuláš","Bešeòová"
"41","510262","510327",17,"SK0315","SK0315","Liptovský Mikuláš","Bobrovec"
"42","510262","510386",150,"SK0315","SK0315","Liptovský Mikuláš","Demänovská Dolina"
"43","510262","510408",19,"SK0315","SK0315","Liptovský Mikuláš","Dúbrava"
"44","510262","510416",1,"SK0315","SK0315","Liptovský Mikuláš","Galovany"
"45","510262","510424",2,"SK0315","SK0315","Liptovský Mikuláš","Gôtovany"
"46","510262","510467",3,"SK0315","SK0315","Liptovský Mikuláš","Hybe"
"47","510262","510505",5,"SK0315","SK0315","Liptovský Mikuláš","Jakubovany"
"48","510262","510513",1,"SK0315","SK0315","Liptovský Mikuláš","Jalovec"
"49","510262","510521",10,"SK0315","SK0315","Liptovský Mikuláš","Jamník"
"50","510262","510564",3,"SK0315","SK0315","Liptovský Mikuláš","Krá¾ova Lehota"
"51","510262","510572",12,"SK0315","SK0315","Liptovský Mikuláš","Kvaèany"
"52","510262","510599",10,"SK0315","SK0318","Liptovský Mikuláš","Likavka"
"53","510262","510602",1,"SK0315","SK0315","Liptovský Mikuláš","Liptovská Anna"
"54","510262","510611",2,"SK0315","SK0315","Liptovský Mikuláš","Liptovská Kokava"
"55","510262","510637",3,"SK0315","SK0318","Liptovský Mikuláš","Liptovská Osada"
"56","510262","510653",12,"SK0315","SK0315","Liptovský Mikuláš","Liptovská Sielnica"
"57","510262","510661",3,"SK0315","SK0318","Liptovský Mikuláš","Liptovská Štiavnica"
"58","510262","510670",6,"SK0315","SK0318","Liptovský Mikuláš","Liptovská Teplá"
"59","510262","510726",403,"SK0315","SK0315","Liptovský Mikuláš","Liptovský Hrádok"
"60","510262","510734",56,"SK0315","SK0315","Liptovský Mikuláš","Liptovský Ján"
"61","510262","510742",1,"SK0315","SK0318","Liptovský Mikuláš","Liptovský Michal"
"62","510262","510751",6,"SK0315","SK0315","Liptovský Mikuláš","Liptovský Ondrej"
"63","510262","510777",12,"SK0315","SK0315","Liptovský Mikuláš","Liptovský Trnovec"
"64","510262","510785",2,"SK0315","SK0318","Liptovský Mikuláš","Lisková"
"65","510262","510793",18,"SK0315","SK0315","Liptovský Mikuláš","¼ube¾a"
"66","510262","510807",2,"SK0315","SK0318","Liptovský Mikuláš","¼ubochòa"
"67","510262","510815",2,"SK0315","SK0318","Liptovský Mikuláš","Lúèky"
"68","510262","510823",2,"SK0315","SK0318","Liptovský Mikuláš","Ludrová"
"69","510262","510831",2,"SK0315","SK0315","Liptovský Mikuláš","Malatíny"
"70","510262","510858",2,"SK0315","SK0315","Liptovský Mikuláš","Malužiná"
"71","510262","510904",4,"SK0315","SK0315","Liptovský Mikuláš","Partizánska ¼upèa"
"72","510262","510912",4,"SK0315","SK0315","Liptovský Mikuláš","Pavèina Lehota"
"73","510262","510947",39,"SK0315","SK0315","Liptovský Mikuláš","Podtureò"
"74","510262","510955",1,"SK0315","SK0318","Liptovský Mikuláš","Potok"
"75","510262","510963",19,"SK0315","SK0315","Liptovský Mikuláš","Pribylina"
"76","510262","510998",207,"SK0315","SK0318","Liptovský Mikuláš","Ružomberok"
"77","510262","511013",30,"SK0315","SK0315","Liptovský Mikuláš","Smreèany"
"78","510262","511048",16,"SK0315","SK0315","Liptovský Mikuláš","Svätý Kríž"
"79","510262","511056",2,"SK0315","SK0318","Liptovský Mikuláš","Štiavnièka"
"80","510262","511099",32,"SK0315","SK0315","Liptovský Mikuláš","Uhorská Ves"
"81","510262","511111",3,"SK0315","SK0315","Liptovský Mikuláš","Vavrišovo"
"82","510262","511129",3,"SK0315","SK0315","Liptovský Mikuláš","Važec"
"83","510262","511145",4,"SK0315","SK0315","Liptovský Mikuláš","Veterná Poruba"
"84","510262","511153",4,"SK0315","SK0315","Liptovský Mikuláš","Vlachy"
"85","510262","511170",5,"SK0315","SK0315","Liptovský Mikuláš","Východná"
"86","510262","511196",199,"SK0315","SK0315","Liptovský Mikuláš","Závažná Poruba"
"87","510262","511200",6,"SK0315","SK0315","Liptovský Mikuláš","Žiar"
"88","510262","558281",20,"SK0315","SK0315","Liptovský Mikuláš","Liptovská Porúbka"
"89","510262","580287",2,"SK0315","SK0315","Liptovský Mikuláš","Liptovský Peter"
"90","510271","510262",95,"SK0315","SK0315","Beòadiková","Liptovský Mikuláš"
"91","510271","510271",6,"SK0315","SK0315","Beòadiková","Beòadiková"
"92","510271","510386",1,"SK0315","SK0315","Beòadiková","Demänovská Dolina"
"93","510271","510505",1,"SK0315","SK0315","Beòadiková","Jakubovany"
"94","510271","510521",1,"SK0315","SK0315","Beòadiková","Jamník"
"95","510271","510611",1,"SK0315","SK0315","Beòadiková","Liptovská Kokava"
"96","510271","510726",11,"SK0315","SK0315","Beòadiková","Liptovský Hrádok"
"97","510271","510734",2,"SK0315","SK0315","Beòadiková","Liptovský Ján"
"98","510271","510742",1,"SK0315","SK0318","Beòadiková","Liptovský Michal"
"99","510271","510751",4,"SK0315","SK0315","Beòadiková","Liptovský Ondrej"
"100","510271","510777",1,"SK0315","SK0315","Beòadiková","Liptovský Trnovec"
"101","510271","510815",1,"SK0315","SK0318","Beòadiková","Lúèky"
"102","510271","510858",1,"SK0315","SK0315","Beòadiková","Malužiná"
"103","510271","510947",2,"SK0315","SK0315","Beòadiková","Podtureò"
"104","510271","510998",2,"SK0315","SK0318","Beòadiková","Ružomberok"
"105","510271","511099",4,"SK0315","SK0315","Beòadiková","Uhorská Ves"
"106","510271","511196",6,"SK0315","SK0315","Beòadiková","Závažná Poruba"
"107","510271","558281",1,"SK0315","SK0315","Beòadiková","Liptovská Porúbka"
"108","510301","507300",5,"SK0318","SK0318","Bešeòová","Ivachnová"
"109","510301","510262",15,"SK0318","SK0315","Bešeòová","Liptovský Mikuláš"
"110","510301","510301",31,"SK0318","SK0318","Bešeòová","Bešeòová"
"111","510301","510599",2,"SK0318","SK0318","Bešeòová","Likavka"
"112","510301","510653",1,"SK0318","SK0315","Bešeòová","Liptovská Sielnica"
"113","510301","510661",1,"SK0318","SK0318","Bešeòová","Liptovská Štiavnica"
"114","510301","510670",13,"SK0318","SK0318","Bešeòová","Liptovská Teplá"
"115","510301","510726",1,"SK0318","SK0315","Bešeòová","Liptovský Hrádok"
"116","510301","510734",1,"SK0318","SK0315","Bešeòová","Liptovský Ján"
"117","510301","510785",1,"SK0318","SK0318","Bešeòová","Lisková"
"118","510301","510793",1,"SK0318","SK0315","Bešeòová","¼ube¾a"
"119","510301","510815",3,"SK0318","SK0318","Bešeòová","Lúèky"
"120","510301","510831",1,"SK0318","SK0315","Bešeòová","Malatíny"
"121","510301","510904",1,"SK0318","SK0315","Bešeòová","Partizánska ¼upèa"
"122","510301","510998",23,"SK0318","SK0318","Bešeòová","Ružomberok"
"123","510301","511005",2,"SK0318","SK0318","Bešeòová","Liptovské Sliaèe"
"124","510301","511048",2,"SK0318","SK0315","Bešeòová","Svätý Kríž"
"125","510301","511056",1,"SK0318","SK0318","Bešeòová","Štiavnièka"
"126","510301","511153",3,"SK0318","SK0315","Bešeòová","Vlachy"
"127","510319","510262",28,"SK0315","SK0315","Bobrovèek","Liptovský Mikuláš"
"128","510319","510319",3,"SK0315","SK0315","Bobrovèek","Bobrovèek"
"129","510319","510327",3,"SK0315","SK0315","Bobrovèek","Bobrovec"
"130","510319","510386",1,"SK0315","SK0315","Bobrovèek","Demänovská Dolina"
"131","510319","510688",2,"SK0315","SK0315","Bobrovèek","Liptovské Beharovce"
"132","510319","510726",2,"SK0315","SK0315","Bobrovèek","Liptovský Hrádok"
"133","510319","510998",1,"SK0315","SK0318","Bobrovèek","Ružomberok"
"134","510319","511099",1,"SK0315","SK0315","Bobrovèek","Uhorská Ves"
"135","510319","511196",1,"SK0315","SK0315","Bobrovèek","Závažná Poruba"
"136","510327","510262",288,"SK0315","SK0315","Bobrovec","Liptovský Mikuláš"
"137","510327","510327",47,"SK0315","SK0315","Bobrovec","Bobrovec"
"138","510327","510386",9,"SK0315","SK0315","Bobrovec","Demänovská Dolina"
"139","510327","510408",1,"SK0315","SK0315","Bobrovec","Dúbrava"
"140","510327","510505",2,"SK0315","SK0315","Bobrovec","Jakubovany"
"141","510327","510513",5,"SK0315","SK0315","Bobrovec","Jalovec"
"142","510327","510521",1,"SK0315","SK0315","Bobrovec","Jamník"
"143","510327","510670",1,"SK0315","SK0318","Bobrovec","Liptovská Teplá"
"144","510327","510726",20,"SK0315","SK0315","Bobrovec","Liptovský Hrádok"
"145","510327","510734",5,"SK0315","SK0315","Bobrovec","Liptovský Ján"
"146","510327","510742",1,"SK0315","SK0318","Bobrovec","Liptovský Michal"
"147","510327","510751",3,"SK0315","SK0315","Bobrovec","Liptovský Ondrej"
"148","510327","510793",1,"SK0315","SK0315","Bobrovec","¼ube¾a"
"149","510327","510947",1,"SK0315","SK0315","Bobrovec","Podtureò"
"150","510327","510998",14,"SK0315","SK0318","Bobrovec","Ružomberok"
"151","510327","511048",2,"SK0315","SK0315","Bobrovec","Svätý Kríž"
"152","510327","511099",3,"SK0315","SK0315","Bobrovec","Uhorská Ves"
"153","510327","511170",1,"SK0315","SK0315","Bobrovec","Východná"
"154","510327","511196",16,"SK0315","SK0315","Bobrovec","Závažná Poruba"
"155","510327","511200",1,"SK0315","SK0315","Bobrovec","Žiar"
"156","510327","558281",1,"SK0315","SK0315","Bobrovec","Liptovská Porúbka"
"157","510335","510262",13,"SK0315","SK0315","Bobrovník","Liptovský Mikuláš"
"158","510335","510335",1,"SK0315","SK0315","Bobrovník","Bobrovník"
"159","510335","510386",1,"SK0315","SK0315","Bobrovník","Demänovská Dolina"
"160","510335","510653",2,"SK0315","SK0315","Bobrovník","Liptovská Sielnica"
"161","510335","510998",1,"SK0315","SK0318","Bobrovník","Ružomberok"
"162","510335","511013",1,"SK0315","SK0315","Bobrovník","Smreèany"
"163","510351","510262",6,"SK0315","SK0315","Bukovina","Liptovský Mikuláš"
"164","510351","510602",1,"SK0315","SK0315","Bukovina","Liptovská Anna"
"165","510351","510653",1,"SK0315","SK0315","Bukovina","Liptovská Sielnica"
"166","510351","510670",1,"SK0315","SK0318","Bukovina","Liptovská Teplá"
"167","510351","510998",1,"SK0315","SK0318","Bukovina","Ružomberok"
"168","510386","510262",7,"SK0315","SK0315","Demänovská Dolina","Liptovský Mikuláš"
"169","510386","510386",20,"SK0315","SK0315","Demänovská Dolina","Demänovská Dolina"
"170","510386","510726",2,"SK0315","SK0315","Demänovská Dolina","Liptovský Hrádok"
"171","510386","510947",1,"SK0315","SK0315","Demänovská Dolina","Podtureò"
"172","510386","510998",3,"SK0315","SK0318","Demänovská Dolina","Ružomberok"
"173","510408","507300",1,"SK0315","SK0318","Dúbrava","Ivachnová"
"174","510408","510262",142,"SK0315","SK0315","Dúbrava","Liptovský Mikuláš"
"175","510408","510386",4,"SK0315","SK0315","Dúbrava","Demänovská Dolina"
"176","510408","510408",35,"SK0315","SK0315","Dúbrava","Dúbrava"
"177","510408","510416",2,"SK0315","SK0315","Dúbrava","Galovany"
"178","510408","510424",2,"SK0315","SK0315","Dúbrava","Gôtovany"
"179","510408","510572",2,"SK0315","SK0315","Dúbrava","Kvaèany"
"180","510408","510696",1,"SK0315","SK0315","Dúbrava","Liptovské K¾aèany"
"181","510408","510726",14,"SK0315","SK0315","Dúbrava","Liptovský Hrádok"
"182","510408","510734",2,"SK0315","SK0315","Dúbrava","Liptovský Ján"
"183","510408","510742",1,"SK0315","SK0318","Dúbrava","Liptovský Michal"
"184","510408","510793",8,"SK0315","SK0315","Dúbrava","¼ube¾a"
"185","510408","510815",1,"SK0315","SK0318","Dúbrava","Lúèky"
"186","510408","510904",5,"SK0315","SK0315","Dúbrava","Partizánska ¼upèa"
"187","510408","510998",17,"SK0315","SK0318","Dúbrava","Ružomberok"
"188","510408","511048",10,"SK0315","SK0315","Dúbrava","Svätý Kríž"
"189","510408","511056",2,"SK0315","SK0318","Dúbrava","Štiavnièka"
"190","510408","511099",1,"SK0315","SK0315","Dúbrava","Uhorská Ves"
"191","510408","511153",13,"SK0315","SK0315","Dúbrava","Vlachy"
"192","510408","511196",10,"SK0315","SK0315","Dúbrava","Závažná Poruba"
"193","510408","558281",2,"SK0315","SK0315","Dúbrava","Liptovská Porúbka"
"194","510416","510262",59,"SK0315","SK0315","Galovany","Liptovský Mikuláš"
"195","510416","510386",3,"SK0315","SK0315","Galovany","Demänovská Dolina"
"196","510416","510416",2,"SK0315","SK0315","Galovany","Galovany"
"197","510416","510505",1,"SK0315","SK0315","Galovany","Jakubovany"
"198","510416","510572",1,"SK0315","SK0315","Galovany","Kvaèany"
"199","510416","510726",3,"SK0315","SK0315","Galovany","Liptovský Hrádok"
"200","510416","510734",1,"SK0315","SK0315","Galovany","Liptovský Ján"
"201","510416","510793",1,"SK0315","SK0315","Galovany","¼ube¾a"
"202","510416","510998",2,"SK0315","SK0318","Galovany","Ružomberok"
"203","510416","511048",5,"SK0315","SK0315","Galovany","Svätý Kríž"
"204","510416","511196",3,"SK0315","SK0315","Galovany","Závažná Poruba"
"205","510424","507300",1,"SK0315","SK0318","Gôtovany","Ivachnová"
"206","510424","510262",61,"SK0315","SK0315","Gôtovany","Liptovský Mikuláš"
"207","510424","510386",3,"SK0315","SK0315","Gôtovany","Demänovská Dolina"
"208","510424","510424",9,"SK0315","SK0315","Gôtovany","Gôtovany"
"209","510424","510611",1,"SK0315","SK0315","Gôtovany","Liptovská Kokava"
"210","510424","510670",1,"SK0315","SK0318","Gôtovany","Liptovská Teplá"
"211","510424","510726",1,"SK0315","SK0315","Gôtovany","Liptovský Hrádok"
"212","510424","510777",1,"SK0315","SK0315","Gôtovany","Liptovský Trnovec"
"213","510424","510785",1,"SK0315","SK0318","Gôtovany","Lisková"
"214","510424","510793",3,"SK0315","SK0315","Gôtovany","¼ube¾a"
"215","510424","510904",1,"SK0315","SK0315","Gôtovany","Partizánska ¼upèa"
"216","510424","510947",1,"SK0315","SK0315","Gôtovany","Podtureò"
"217","510424","511005",1,"SK0315","SK0318","Gôtovany","Liptovské Sliaèe"
"218","510424","511048",6,"SK0315","SK0315","Gôtovany","Svätý Kríž"
"219","510424","511153",1,"SK0315","SK0315","Gôtovany","Vlachy"
"220","510424","511196",3,"SK0315","SK0315","Gôtovany","Závažná Poruba"
"221","510441","507300",2,"SK0318","SK0318","Hubová","Ivachnová"
"222","510441","510262",2,"SK0318","SK0315","Hubová","Liptovský Mikuláš"
"223","510441","510408",1,"SK0318","SK0315","Hubová","Dúbrava"
"224","510441","510441",23,"SK0318","SK0318","Hubová","Hubová"
"225","510441","510521",1,"SK0318","SK0315","Hubová","Jamník"
"226","510441","510599",2,"SK0318","SK0318","Hubová","Likavka"
"227","510441","510726",3,"SK0318","SK0315","Hubová","Liptovský Hrádok"
"228","510441","510807",25,"SK0318","SK0318","Hubová","¼ubochòa"
"229","510441","510963",1,"SK0318","SK0315","Hubová","Pribylina"
"230","510441","510998",113,"SK0318","SK0318","Hubová","Ružomberok"
"231","510441","511005",1,"SK0318","SK0318","Hubová","Liptovské Sliaèe"
"232","510441","511030",3,"SK0318","SK0318","Hubová","Stankovany"
"233","510441","511064",1,"SK0318","SK0318","Hubová","Švošov"
"234","510459","510262",1,"SK0315","SK0315","Huty","Liptovský Mikuláš"
"235","510459","510459",2,"SK0315","SK0315","Huty","Huty"
"236","510459","510572",1,"SK0315","SK0315","Huty","Kvaèany"
"237","510459","510700",2,"SK0315","SK0315","Huty","Liptovské Matiašovce"
"238","510459","510734",1,"SK0315","SK0315","Huty","Liptovský Ján"
"239","510459","510998",2,"SK0315","SK0318","Huty","Ružomberok"
"240","510467","510262",84,"SK0315","SK0315","Hybe","Liptovský Mikuláš"
"241","510467","510327",1,"SK0315","SK0315","Hybe","Bobrovec"
"242","510467","510386",2,"SK0315","SK0315","Hybe","Demänovská Dolina"
"243","510467","510408",1,"SK0315","SK0315","Hybe","Dúbrava"
"244","510467","510467",76,"SK0315","SK0315","Hybe","Hybe"
"245","510467","510564",9,"SK0315","SK0315","Hybe","Krá¾ova Lehota"
"246","510467","510599",2,"SK0315","SK0318","Hybe","Likavka"
"247","510467","510726",129,"SK0315","SK0315","Hybe","Liptovský Hrádok"
"248","510467","510734",2,"SK0315","SK0315","Hybe","Liptovský Ján"
"249","510467","510858",6,"SK0315","SK0315","Hybe","Malužiná"
"250","510467","510947",2,"SK0315","SK0315","Hybe","Podtureò"
"251","510467","510998",5,"SK0315","SK0318","Hybe","Ružomberok"
"252","510467","511013",1,"SK0315","SK0315","Hybe","Smreèany"
"253","510467","511099",3,"SK0315","SK0315","Hybe","Uhorská Ves"
"254","510467","511111",1,"SK0315","SK0315","Hybe","Vavrišovo"
"255","510467","511129",5,"SK0315","SK0315","Hybe","Važec"
"256","510467","511170",3,"SK0315","SK0315","Hybe","Východná"
"257","510467","511196",3,"SK0315","SK0315","Hybe","Závažná Poruba"
"258","510467","558281",7,"SK0315","SK0315","Hybe","Liptovská Porúbka"
"259","510467","580287",2,"SK0315","SK0315","Hybe","Liptovský Peter"
"260","510505","510262",52,"SK0315","SK0315","Jakubovany","Liptovský Mikuláš"
"261","510505","510271",1,"SK0315","SK0315","Jakubovany","Beòadiková"
"262","510505","510301",1,"SK0315","SK0318","Jakubovany","Bešeòová"
"263","510505","510386",2,"SK0315","SK0315","Jakubovany","Demänovská Dolina"
"264","510505","510505",9,"SK0315","SK0315","Jakubovany","Jakubovany"
"265","510505","510521",1,"SK0315","SK0315","Jakubovany","Jamník"
"266","510505","510726",9,"SK0315","SK0315","Jakubovany","Liptovský Hrádok"
"267","510505","510734",1,"SK0315","SK0315","Jakubovany","Liptovský Ján"
"268","510505","510751",13,"SK0315","SK0315","Jakubovany","Liptovský Ondrej"
"269","510505","510904",1,"SK0315","SK0315","Jakubovany","Partizánska ¼upèa"
"270","510505","510947",1,"SK0315","SK0315","Jakubovany","Podtureò"
"271","510505","510963",1,"SK0315","SK0315","Jakubovany","Pribylina"
"272","510505","510998",1,"SK0315","SK0318","Jakubovany","Ružomberok"
"273","510505","511099",2,"SK0315","SK0315","Jakubovany","Uhorská Ves"
"274","510505","511196",7,"SK0315","SK0315","Jakubovany","Závažná Poruba"
"275","510513","510262",54,"SK0315","SK0315","Jalovec","Liptovský Mikuláš"
"276","510513","510327",2,"SK0315","SK0315","Jalovec","Bobrovec"
"277","510513","510335",1,"SK0315","SK0315","Jalovec","Bobrovník"
"278","510513","510386",1,"SK0315","SK0315","Jalovec","Demänovská Dolina"
"279","510513","510505",1,"SK0315","SK0315","Jalovec","Jakubovany"
"280","510513","510513",5,"SK0315","SK0315","Jalovec","Jalovec"
"281","510513","510726",1,"SK0315","SK0315","Jalovec","Liptovský Hrádok"
"282","510513","510734",2,"SK0315","SK0315","Jalovec","Liptovský Ján"
"283","510513","510998",3,"SK0315","SK0318","Jalovec","Ružomberok"
"284","510513","511170",1,"SK0315","SK0315","Jalovec","Východná"
"285","510513","511196",2,"SK0315","SK0315","Jalovec","Závažná Poruba"
"286","510513","558281",1,"SK0315","SK0315","Jalovec","Liptovská Porúbka"
"287","510521","510262",45,"SK0315","SK0315","Jamník","Liptovský Mikuláš"
"288","510521","510335",1,"SK0315","SK0315","Jamník","Bobrovník"
"289","510521","510386",1,"SK0315","SK0315","Jamník","Demänovská Dolina"
"290","510521","510521",10,"SK0315","SK0315","Jamník","Jamník"
"291","510521","510726",46,"SK0315","SK0315","Jamník","Liptovský Hrádok"
"292","510521","510947",6,"SK0315","SK0315","Jamník","Podtureò"
"293","510521","510998",1,"SK0315","SK0318","Jamník","Ružomberok"
"294","510521","511196",1,"SK0315","SK0315","Jamník","Závažná Poruba"
"295","510521","558281",4,"SK0315","SK0315","Jamník","Liptovská Porúbka"
"296","510521","580287",1,"SK0315","SK0315","Jamník","Liptovský Peter"
"297","510530","507300",1,"SK0318","SK0318","Kalameny","Ivachnová"
"298","510530","510262",3,"SK0318","SK0315","Kalameny","Liptovský Mikuláš"
"299","510530","510301",1,"SK0318","SK0318","Kalameny","Bešeòová"
"300","510530","510530",5,"SK0318","SK0318","Kalameny","Kalameny"
"301","510530","510599",3,"SK0318","SK0318","Kalameny","Likavka"
"302","510530","510637",1,"SK0318","SK0318","Kalameny","Liptovská Osada"
"303","510530","510670",11,"SK0318","SK0318","Kalameny","Liptovská Teplá"
"304","510530","510751",1,"SK0318","SK0315","Kalameny","Liptovský Ondrej"
"305","510530","510785",3,"SK0318","SK0318","Kalameny","Lisková"
"306","510530","510815",12,"SK0318","SK0318","Kalameny","Lúèky"
"307","510530","510998",45,"SK0318","SK0318","Kalameny","Ružomberok"
"308","510548","510262",3,"SK0318","SK0315","Komjatná","Liptovský Mikuláš"
"309","510548","510386",2,"SK0318","SK0315","Komjatná","Demänovská Dolina"
"310","510548","510548",32,"SK0318","SK0318","Komjatná","Komjatná"
"311","510548","510599",12,"SK0318","SK0318","Komjatná","Likavka"
"312","510548","510670",1,"SK0318","SK0318","Komjatná","Liptovská Teplá"
"313","510548","510807",3,"SK0318","SK0318","Komjatná","¼ubochòa"
"314","510548","510823",1,"SK0318","SK0318","Komjatná","Ludrová"
"315","510548","510998",122,"SK0318","SK0318","Komjatná","Ružomberok"
"316","510548","511056",1,"SK0318","SK0318","Komjatná","Štiavnièka"
"317","510548","511102",4,"SK0318","SK0318","Komjatná","Valaská Dubová"
"318","510564","510262",23,"SK0315","SK0315","Krá¾ova Lehota","Liptovský Mikuláš"
"319","510564","510386",4,"SK0315","SK0315","Krá¾ova Lehota","Demänovská Dolina"
"320","510564","510467",3,"SK0315","SK0315","Krá¾ova Lehota","Hybe"
"321","510564","510564",34,"SK0315","SK0315","Krá¾ova Lehota","Krá¾ova Lehota"
"322","510564","510700",1,"SK0315","SK0315","Krá¾ova Lehota","Liptovské Matiašovce"
"323","510564","510726",45,"SK0315","SK0315","Krá¾ova Lehota","Liptovský Hrádok"
"324","510564","510734",1,"SK0315","SK0315","Krá¾ova Lehota","Liptovský Ján"
"325","510564","510751",3,"SK0315","SK0315","Krá¾ova Lehota","Liptovský Ondrej"
"326","510564","510858",6,"SK0315","SK0315","Krá¾ova Lehota","Malužiná"
"327","510564","510947",4,"SK0315","SK0315","Krá¾ova Lehota","Podtureò"
"328","510564","510998",1,"SK0315","SK0318","Krá¾ova Lehota","Ružomberok"
"329","510564","511013",1,"SK0315","SK0315","Krá¾ova Lehota","Smreèany"
"330","510564","511099",1,"SK0315","SK0315","Krá¾ova Lehota","Uhorská Ves"
"331","510564","511188",1,"SK0315","SK0315","Krá¾ova Lehota","Vyšná Boca"
"332","510564","511196",3,"SK0315","SK0315","Krá¾ova Lehota","Závažná Poruba"
"333","510564","558281",4,"SK0315","SK0315","Krá¾ova Lehota","Liptovská Porúbka"
"334","510572","507300",1,"SK0315","SK0318","Kvaèany","Ivachnová"
"335","510572","510262",61,"SK0315","SK0315","Kvaèany","Liptovský Mikuláš"
"336","510572","510386",5,"SK0315","SK0315","Kvaèany","Demänovská Dolina"
"337","510572","510424",1,"SK0315","SK0315","Kvaèany","Gôtovany"
"338","510572","510564",4,"SK0315","SK0315","Kvaèany","Krá¾ova Lehota"
"339","510572","510572",40,"SK0315","SK0315","Kvaèany","Kvaèany"
"340","510572","510653",5,"SK0315","SK0315","Kvaèany","Liptovská Sielnica"
"341","510572","510700",1,"SK0315","SK0315","Kvaèany","Liptovské Matiašovce"
"342","510572","510726",3,"SK0315","SK0315","Kvaèany","Liptovský Hrádok"
"343","510572","510777",3,"SK0315","SK0315","Kvaèany","Liptovský Trnovec"
"344","510572","510807",1,"SK0315","SK0318","Kvaèany","¼ubochòa"
"345","510572","510998",3,"SK0315","SK0318","Kvaèany","Ružomberok"
"346","510572","511013",2,"SK0315","SK0315","Kvaèany","Smreèany"
"347","510572","511196",1,"SK0315","SK0315","Kvaèany","Závažná Poruba"
"348","510581","510262",61,"SK0315","SK0315","Lazisko","Liptovský Mikuláš"
"349","510581","510301",1,"SK0315","SK0318","Lazisko","Bešeòová"
"350","510581","510408",1,"SK0315","SK0315","Lazisko","Dúbrava"
"351","510581","510581",2,"SK0315","SK0315","Lazisko","Lazisko"
"352","510581","510670",1,"SK0315","SK0318","Lazisko","Liptovská Teplá"
"353","510581","510726",1,"SK0315","SK0315","Lazisko","Liptovský Hrádok"
"354","510581","510751",1,"SK0315","SK0315","Lazisko","Liptovský Ondrej"
"355","510581","510793",1,"SK0315","SK0315","Lazisko","¼ube¾a"
"356","510581","510998",3,"SK0315","SK0318","Lazisko","Ružomberok"
"357","510581","511048",8,"SK0315","SK0315","Lazisko","Svätý Kríž"
"358","510581","511153",1,"SK0315","SK0315","Lazisko","Vlachy"
"359","510581","511196",4,"SK0315","SK0315","Lazisko","Závažná Poruba"
"360","510581","511200",1,"SK0315","SK0315","Lazisko","Žiar"
"361","510599","510262",24,"SK0318","SK0315","Likavka","Liptovský Mikuláš"
"362","510599","510301",2,"SK0318","SK0318","Likavka","Bešeòová"
"363","510599","510416",1,"SK0318","SK0315","Likavka","Galovany"
"364","510599","510548",2,"SK0318","SK0318","Likavka","Komjatná"
"365","510599","510599",91,"SK0318","SK0318","Likavka","Likavka"
"366","510599","510637",3,"SK0318","SK0318","Likavka","Liptovská Osada"
"367","510599","510661",1,"SK0318","SK0318","Likavka","Liptovská Štiavnica"
"368","510599","510670",1,"SK0318","SK0318","Likavka","Liptovská Teplá"
"369","510599","510726",3,"SK0318","SK0315","Likavka","Liptovský Hrádok"
"370","510599","510785",7,"SK0318","SK0318","Likavka","Lisková"
"371","510599","510807",3,"SK0318","SK0318","Likavka","¼ubochòa"
"372","510599","510815",3,"SK0318","SK0318","Likavka","Lúèky"
"373","510599","510823",3,"SK0318","SK0318","Likavka","Ludrová"
"374","510599","510866",4,"SK0318","SK0318","Likavka","Martinèek"
"375","510599","510904",1,"SK0318","SK0315","Likavka","Partizánska ¼upèa"
"376","510599","510998",389,"SK0318","SK0318","Likavka","Ružomberok"
"377","510599","511005",5,"SK0318","SK0318","Likavka","Liptovské Sliaèe"
"378","510599","511056",3,"SK0318","SK0318","Likavka","Štiavnièka"
"379","510602","510262",12,"SK0315","SK0315","Liptovská Anna","Liptovský Mikuláš"
"380","510602","510301",1,"SK0315","SK0318","Liptovská Anna","Bešeòová"
"381","510602","510408",1,"SK0315","SK0315","Liptovská Anna","Dúbrava"
"382","510602","510602",1,"SK0315","SK0315","Liptovská Anna","Liptovská Anna"
"383","510602","510998",2,"SK0315","SK0318","Liptovská Anna","Ružomberok"
"384","510611","510262",51,"SK0315","SK0315","Liptovská Kokava","Liptovský Mikuláš"
"385","510611","510408",1,"SK0315","SK0315","Liptovská Kokava","Dúbrava"
"386","510611","510521",1,"SK0315","SK0315","Liptovská Kokava","Jamník"
"387","510611","510564",1,"SK0315","SK0315","Liptovská Kokava","Krá¾ova Lehota"
"388","510611","510611",34,"SK0315","SK0315","Liptovská Kokava","Liptovská Kokava"
"389","510611","510726",72,"SK0315","SK0315","Liptovská Kokava","Liptovský Hrádok"
"390","510611","510734",1,"SK0315","SK0315","Liptovská Kokava","Liptovský Ján"
"391","510611","510947",6,"SK0315","SK0315","Liptovská Kokava","Podtureò"
"392","510611","510963",9,"SK0315","SK0315","Liptovská Kokava","Pribylina"
"393","510611","510998",2,"SK0315","SK0318","Liptovská Kokava","Ružomberok"
"394","510611","511099",3,"SK0315","SK0315","Liptovská Kokava","Uhorská Ves"
"395","510611","511111",1,"SK0315","SK0315","Liptovská Kokava","Vavrišovo"
"396","510611","511129",1,"SK0315","SK0315","Liptovská Kokava","Važec"
"397","510611","511196",8,"SK0315","SK0315","Liptovská Kokava","Závažná Poruba"
"398","510611","558281",5,"SK0315","SK0315","Liptovská Kokava","Liptovská Porúbka"
"399","510629","507300",1,"SK0318","SK0318","Liptovská Lúžna","Ivachnová"
"400","510629","510262",5,"SK0318","SK0315","Liptovská Lúžna","Liptovský Mikuláš"
"401","510629","510386",1,"SK0318","SK0315","Liptovská Lúžna","Demänovská Dolina"
"402","510629","510599",16,"SK0318","SK0318","Liptovská Lúžna","Likavka"
"403","510629","510629",86,"SK0318","SK0318","Liptovská Lúžna","Liptovská Lúžna"
"404","510629","510637",40,"SK0318","SK0318","Liptovská Lúžna","Liptovská Osada"
"405","510629","510670",2,"SK0318","SK0318","Liptovská Lúžna","Liptovská Teplá"
"406","510629","510718",5,"SK0318","SK0318","Liptovská Lúžna","Liptovské Revúce"
"407","510629","510726",1,"SK0318","SK0315","Liptovská Lúžna","Liptovský Hrádok"
"408","510629","510734",1,"SK0318","SK0315","Liptovská Lúžna","Liptovský Ján"
"409","510629","510785",2,"SK0318","SK0318","Liptovská Lúžna","Lisková"
"410","510629","510823",1,"SK0318","SK0318","Liptovská Lúžna","Ludrová"
"411","510629","510904",4,"SK0318","SK0315","Liptovská Lúžna","Partizánska ¼upèa"
"412","510629","510955",1,"SK0318","SK0318","Liptovská Lúžna","Potok"
"413","510629","510998",235,"SK0318","SK0318","Liptovská Lúžna","Ružomberok"
"414","510629","511056",4,"SK0318","SK0318","Liptovská Lúžna","Štiavnièka"
"415","510629","511102",3,"SK0318","SK0318","Liptovská Lúžna","Valaská Dubová"
"416","510629","511196",1,"SK0318","SK0315","Liptovská Lúžna","Závažná Poruba"
"417","510637","510262",5,"SK0318","SK0315","Liptovská Osada","Liptovský Mikuláš"
"418","510637","510301",2,"SK0318","SK0318","Liptovská Osada","Bešeòová"
"419","510637","510599",8,"SK0318","SK0318","Liptovská Osada","Likavka"
"420","510637","510629",5,"SK0318","SK0318","Liptovská Osada","Liptovská Lúžna"
"421","510637","510637",90,"SK0318","SK0318","Liptovská Osada","Liptovská Osada"
"422","510637","510661",2,"SK0318","SK0318","Liptovská Osada","Liptovská Štiavnica"
"423","510637","510670",1,"SK0318","SK0318","Liptovská Osada","Liptovská Teplá"
"424","510637","510718",7,"SK0318","SK0318","Liptovská Osada","Liptovské Revúce"
"425","510637","510947",1,"SK0318","SK0315","Liptovská Osada","Podtureò"
"426","510637","510955",2,"SK0318","SK0318","Liptovská Osada","Potok"
"427","510637","510998",138,"SK0318","SK0318","Liptovská Osada","Ružomberok"
"428","510653","510262",90,"SK0315","SK0315","Liptovská Sielnica","Liptovský Mikuláš"
"429","510653","510301",1,"SK0315","SK0318","Liptovská Sielnica","Bešeòová"
"430","510653","510335",1,"SK0315","SK0315","Liptovská Sielnica","Bobrovník"
"431","510653","510351",1,"SK0315","SK0315","Liptovská Sielnica","Bukovina"
"432","510653","510386",4,"SK0315","SK0315","Liptovská Sielnica","Demänovská Dolina"
"433","510653","510408",1,"SK0315","SK0315","Liptovská Sielnica","Dúbrava"
"434","510653","510513",1,"SK0315","SK0315","Liptovská Sielnica","Jalovec"
"435","510653","510564",1,"SK0315","SK0315","Liptovská Sielnica","Krá¾ova Lehota"
"436","510653","510572",1,"SK0315","SK0315","Liptovská Sielnica","Kvaèany"
"437","510653","510653",10,"SK0315","SK0315","Liptovská Sielnica","Liptovská Sielnica"
"438","510653","510726",2,"SK0315","SK0315","Liptovská Sielnica","Liptovský Hrádok"
"439","510653","510777",5,"SK0315","SK0315","Liptovská Sielnica","Liptovský Trnovec"
"440","510653","510912",1,"SK0315","SK0315","Liptovská Sielnica","Pavèina Lehota"
"441","510653","510947",1,"SK0315","SK0315","Liptovská Sielnica","Podtureò"
"442","510653","510971",1,"SK0315","SK0315","Liptovská Sielnica","Prosiek"
"443","510653","510998",10,"SK0315","SK0318","Liptovská Sielnica","Ružomberok"
"444","510653","511099",3,"SK0315","SK0315","Liptovská Sielnica","Uhorská Ves"
"445","510653","511196",4,"SK0315","SK0315","Liptovská Sielnica","Závažná Poruba"
"446","510661","510262",10,"SK0318","SK0315","Liptovská Štiavnica","Liptovský Mikuláš"
"447","510661","510301",1,"SK0318","SK0318","Liptovská Štiavnica","Bešeòová"
"448","510661","510599",4,"SK0318","SK0318","Liptovská Štiavnica","Likavka"
"449","510661","510637",2,"SK0318","SK0318","Liptovská Štiavnica","Liptovská Osada"
"450","510661","510661",26,"SK0318","SK0318","Liptovská Štiavnica","Liptovská Štiavnica"
"451","510661","510726",2,"SK0318","SK0315","Liptovská Štiavnica","Liptovský Hrádok"
"452","510661","510785",1,"SK0318","SK0318","Liptovská Štiavnica","Lisková"
"453","510661","510823",4,"SK0318","SK0318","Liptovská Štiavnica","Ludrová"
"454","510661","510904",1,"SK0318","SK0315","Liptovská Štiavnica","Partizánska ¼upèa"
"455","510661","510998",228,"SK0318","SK0318","Liptovská Štiavnica","Ružomberok"
"456","510661","511005",3,"SK0318","SK0318","Liptovská Štiavnica","Liptovské Sliaèe"
"457","510661","511056",5,"SK0318","SK0318","Liptovská Štiavnica","Štiavnièka"
"458","510670","507300",3,"SK0318","SK0318","Liptovská Teplá","Ivachnová"
"459","510670","510262",28,"SK0318","SK0315","Liptovská Teplá","Liptovský Mikuláš"
"460","510670","510301",2,"SK0318","SK0318","Liptovská Teplá","Bešeòová"
"461","510670","510335",1,"SK0318","SK0315","Liptovská Teplá","Bobrovník"
"462","510670","510530",1,"SK0318","SK0318","Liptovská Teplá","Kalameny"
"463","510670","510599",2,"SK0318","SK0318","Liptovská Teplá","Likavka"
"464","510670","510670",54,"SK0318","SK0318","Liptovská Teplá","Liptovská Teplá"
"465","510670","510726",3,"SK0318","SK0315","Liptovská Teplá","Liptovský Hrádok"
"466","510670","510734",1,"SK0318","SK0315","Liptovská Teplá","Liptovský Ján"
"467","510670","510742",1,"SK0318","SK0318","Liptovská Teplá","Liptovský Michal"
"468","510670","510785",7,"SK0318","SK0318","Liptovská Teplá","Lisková"
"469","510670","510815",11,"SK0318","SK0318","Liptovská Teplá","Lúèky"
"470","510670","510904",2,"SK0318","SK0315","Liptovská Teplá","Partizánska ¼upèa"
"471","510670","510998",106,"SK0318","SK0318","Liptovská Teplá","Ružomberok"
"472","510670","511005",1,"SK0318","SK0318","Liptovská Teplá","Liptovské Sliaèe"
"473","510670","511030",1,"SK0318","SK0318","Liptovská Teplá","Stankovany"
"474","510670","511056",1,"SK0318","SK0318","Liptovská Teplá","Štiavnièka"
"475","510670","511153",1,"SK0318","SK0315","Liptovská Teplá","Vlachy"
"476","510670","511196",2,"SK0318","SK0315","Liptovská Teplá","Závažná Poruba"
"477","510688","510262",14,"SK0315","SK0315","Liptovské Beharovce","Liptovský Mikuláš"
"478","510688","510386",2,"SK0315","SK0315","Liptovské Beharovce","Demänovská Dolina"
"479","510688","510408",1,"SK0315","SK0315","Liptovské Beharovce","Dúbrava"
"480","510688","510688",1,"SK0315","SK0315","Liptovské Beharovce","Liptovské Beharovce"
"481","510696","507300",1,"SK0315","SK0318","Liptovské K¾aèany","Ivachnová"
"482","510696","510262",34,"SK0315","SK0315","Liptovské K¾aèany","Liptovský Mikuláš"
"483","510696","510301",1,"SK0315","SK0318","Liptovské K¾aèany","Bešeòová"
"484","510696","510386",1,"SK0315","SK0315","Liptovské K¾aèany","Demänovská Dolina"
"485","510696","510408",2,"SK0315","SK0315","Liptovské K¾aèany","Dúbrava"
"486","510696","510424",2,"SK0315","SK0315","Liptovské K¾aèany","Gôtovany"
"487","510696","510696",5,"SK0315","SK0315","Liptovské K¾aèany","Liptovské K¾aèany"
"488","510696","510726",2,"SK0315","SK0315","Liptovské K¾aèany","Liptovský Hrádok"
"489","510696","510793",3,"SK0315","SK0315","Liptovské K¾aèany","¼ube¾a"
"490","510696","510815",1,"SK0315","SK0318","Liptovské K¾aèany","Lúèky"
"491","510696","510858",1,"SK0315","SK0315","Liptovské K¾aèany","Malužiná"
"492","510696","510904",3,"SK0315","SK0315","Liptovské K¾aèany","Partizánska ¼upèa"
"493","510696","510947",1,"SK0315","SK0315","Liptovské K¾aèany","Podtureò"
"494","510696","510998",2,"SK0315","SK0318","Liptovské K¾aèany","Ružomberok"
"495","510696","511048",2,"SK0315","SK0315","Liptovské K¾aèany","Svätý Kríž"
"496","510696","511153",2,"SK0315","SK0315","Liptovské K¾aèany","Vlachy"
"497","510696","511196",4,"SK0315","SK0315","Liptovské K¾aèany","Závažná Poruba"
"498","510700","510262",27,"SK0315","SK0315","Liptovské Matiašovce","Liptovský Mikuláš"
"499","510700","510351",1,"SK0315","SK0315","Liptovské Matiašovce","Bukovina"
"500","510700","510572",2,"SK0315","SK0315","Liptovské Matiašovce","Kvaèany"
"501","510700","510653",2,"SK0315","SK0315","Liptovské Matiašovce","Liptovská Sielnica"
"502","510700","510700",3,"SK0315","SK0315","Liptovské Matiašovce","Liptovské Matiašovce"
"503","510700","510726",7,"SK0315","SK0315","Liptovské Matiašovce","Liptovský Hrádok"
"504","510700","510734",1,"SK0315","SK0315","Liptovské Matiašovce","Liptovský Ján"
"505","510700","510777",3,"SK0315","SK0315","Liptovské Matiašovce","Liptovský Trnovec"
"506","510700","510998",2,"SK0315","SK0318","Liptovské Matiašovce","Ružomberok"
"507","510700","511099",1,"SK0315","SK0315","Liptovské Matiašovce","Uhorská Ves"
"508","510700","511196",1,"SK0315","SK0315","Liptovské Matiašovce","Závažná Poruba"
"509","510718","510262",5,"SK0318","SK0315","Liptovské Revúce","Liptovský Mikuláš"
"510","510718","510386",1,"SK0318","SK0315","Liptovské Revúce","Demänovská Dolina"
"511","510718","510599",5,"SK0318","SK0318","Liptovské Revúce","Likavka"
"512","510718","510637",8,"SK0318","SK0318","Liptovské Revúce","Liptovská Osada"
"513","510718","510661",3,"SK0318","SK0318","Liptovské Revúce","Liptovská Štiavnica"
"514","510718","510670",3,"SK0318","SK0318","Liptovské Revúce","Liptovská Teplá"
"515","510718","510718",59,"SK0318","SK0318","Liptovské Revúce","Liptovské Revúce"
"516","510718","510904",1,"SK0318","SK0315","Liptovské Revúce","Partizánska ¼upèa"
"517","510718","510955",2,"SK0318","SK0318","Liptovské Revúce","Potok"
"518","510718","510998",136,"SK0318","SK0318","Liptovské Revúce","Ružomberok"
"519","510718","511005",2,"SK0318","SK0318","Liptovské Revúce","Liptovské Sliaèe"
"520","510726","507300",1,"SK0315","SK0318","Liptovský Hrádok","Ivachnová"
"521","510726","510262",440,"SK0315","SK0315","Liptovský Hrádok","Liptovský Mikuláš"
"522","510726","510271",1,"SK0315","SK0315","Liptovský Hrádok","Beòadiková"
"523","510726","510319",1,"SK0315","SK0315","Liptovský Hrádok","Bobrovèek"
"524","510726","510327",1,"SK0315","SK0315","Liptovský Hrádok","Bobrovec"
"525","510726","510386",15,"SK0315","SK0315","Liptovský Hrádok","Demänovská Dolina"
"526","510726","510408",1,"SK0315","SK0315","Liptovský Hrádok","Dúbrava"
"527","510726","510467",8,"SK0315","SK0315","Liptovský Hrádok","Hybe"
"528","510726","510521",7,"SK0315","SK0315","Liptovský Hrádok","Jamník"
"529","510726","510564",14,"SK0315","SK0315","Liptovský Hrádok","Krá¾ova Lehota"
"530","510726","510611",2,"SK0315","SK0315","Liptovský Hrádok","Liptovská Kokava"
"531","510726","510653",1,"SK0315","SK0315","Liptovský Hrádok","Liptovská Sielnica"
"532","510726","510726",902,"SK0315","SK0315","Liptovský Hrádok","Liptovský Hrádok"
"533","510726","510734",26,"SK0315","SK0315","Liptovský Hrádok","Liptovský Ján"
"534","510726","510751",3,"SK0315","SK0315","Liptovský Hrádok","Liptovský Ondrej"
"535","510726","510807",1,"SK0315","SK0318","Liptovský Hrádok","¼ubochòa"
"536","510726","510858",16,"SK0315","SK0315","Liptovský Hrádok","Malužiná"
"537","510726","510912",1,"SK0315","SK0315","Liptovský Hrádok","Pavèina Lehota"
"538","510726","510947",39,"SK0315","SK0315","Liptovský Hrádok","Podtureò"
"539","510726","510963",9,"SK0315","SK0315","Liptovský Hrádok","Pribylina"
"540","510726","510998",30,"SK0315","SK0318","Liptovský Hrádok","Ružomberok"
"541","510726","511013",3,"SK0315","SK0315","Liptovský Hrádok","Smreèany"
"542","510726","511048",1,"SK0315","SK0315","Liptovský Hrádok","Svätý Kríž"
"543","510726","511099",23,"SK0315","SK0315","Liptovský Hrádok","Uhorská Ves"
"544","510726","511111",4,"SK0315","SK0315","Liptovský Hrádok","Vavrišovo"
"545","510726","511129",8,"SK0315","SK0315","Liptovský Hrádok","Važec"
"546","510726","511170",17,"SK0315","SK0315","Liptovský Hrádok","Východná"
"547","510726","511188",1,"SK0315","SK0315","Liptovský Hrádok","Vyšná Boca"
"548","510726","511196",36,"SK0315","SK0315","Liptovský Hrádok","Závažná Poruba"
"549","510726","558281",37,"SK0315","SK0315","Liptovský Hrádok","Liptovská Porúbka"
"550","510726","580287",3,"SK0315","SK0315","Liptovský Hrádok","Liptovský Peter"
"551","510734","510262",113,"SK0315","SK0315","Liptovský Ján","Liptovský Mikuláš"
"552","510734","510386",2,"SK0315","SK0315","Liptovský Ján","Demänovská Dolina"
"553","510734","510408",2,"SK0315","SK0315","Liptovský Ján","Dúbrava"
"554","510734","510564",1,"SK0315","SK0315","Liptovský Ján","Krá¾ova Lehota"
"555","510734","510572",1,"SK0315","SK0315","Liptovský Ján","Kvaèany"
"556","510734","510661",1,"SK0315","SK0318","Liptovský Ján","Liptovská Štiavnica"
"557","510734","510726",28,"SK0315","SK0315","Liptovský Ján","Liptovský Hrádok"
"558","510734","510734",59,"SK0315","SK0315","Liptovský Ján","Liptovský Ján"
"559","510734","510751",3,"SK0315","SK0315","Liptovský Ján","Liptovský Ondrej"
"560","510734","510777",1,"SK0315","SK0315","Liptovský Ján","Liptovský Trnovec"
"561","510734","510785",1,"SK0315","SK0318","Liptovský Ján","Lisková"
"562","510734","510921",1,"SK0315","SK0315","Liptovský Ján","Pavlova Ves"
"563","510734","510947",5,"SK0315","SK0315","Liptovský Ján","Podtureò"
"564","510734","510963",1,"SK0315","SK0315","Liptovský Ján","Pribylina"
"565","510734","510998",7,"SK0315","SK0318","Liptovský Ján","Ružomberok"
"566","510734","511099",1,"SK0315","SK0315","Liptovský Ján","Uhorská Ves"
"567","510734","511129",1,"SK0315","SK0315","Liptovský Ján","Važec"
"568","510734","511153",1,"SK0315","SK0315","Liptovský Ján","Vlachy"
"569","510734","511170",1,"SK0315","SK0315","Liptovský Ján","Východná"
"570","510734","511196",7,"SK0315","SK0315","Liptovský Ján","Závažná Poruba"
"571","510734","558281",6,"SK0315","SK0315","Liptovský Ján","Liptovská Porúbka"
"572","510742","510262",8,"SK0318","SK0315","Liptovský Michal","Liptovský Mikuláš"
"573","510742","510301",1,"SK0318","SK0318","Liptovský Michal","Bešeòová"
"574","510742","510408",1,"SK0318","SK0315","Liptovský Michal","Dúbrava"
"575","510742","510424",1,"SK0318","SK0315","Liptovský Michal","Gôtovany"
"576","510742","510599",3,"SK0318","SK0318","Liptovský Michal","Likavka"
"577","510742","510670",3,"SK0318","SK0318","Liptovský Michal","Liptovská Teplá"
"578","510742","510726",2,"SK0318","SK0315","Liptovský Michal","Liptovský Hrádok"
"579","510742","510742",5,"SK0318","SK0318","Liptovský Michal","Liptovský Michal"
"580","510742","510785",3,"SK0318","SK0318","Liptovský Michal","Lisková"
"581","510742","510793",1,"SK0318","SK0315","Liptovský Michal","¼ube¾a"
"582","510742","510904",2,"SK0318","SK0315","Liptovský Michal","Partizánska ¼upèa"
"583","510742","510998",24,"SK0318","SK0318","Liptovský Michal","Ružomberok"
"584","510742","511005",1,"SK0318","SK0318","Liptovský Michal","Liptovské Sliaèe"
"585","510742","511153",2,"SK0318","SK0315","Liptovský Michal","Vlachy"
"586","510742","511196",1,"SK0318","SK0315","Liptovský Michal","Závažná Poruba"
"587","510751","510262",89,"SK0315","SK0315","Liptovský Ondrej","Liptovský Mikuláš"
"588","510751","510271",1,"SK0315","SK0315","Liptovský Ondrej","Beòadiková"
"589","510751","510386",2,"SK0315","SK0315","Liptovský Ondrej","Demänovská Dolina"
"590","510751","510505",4,"SK0315","SK0315","Liptovský Ondrej","Jakubovany"
"591","510751","510521",2,"SK0315","SK0315","Liptovský Ondrej","Jamník"
"592","510751","510726",25,"SK0315","SK0315","Liptovský Ondrej","Liptovský Hrádok"
"593","510751","510734",2,"SK0315","SK0315","Liptovský Ondrej","Liptovský Ján"
"594","510751","510751",16,"SK0315","SK0315","Liptovský Ondrej","Liptovský Ondrej"
"595","510751","510947",1,"SK0315","SK0315","Liptovský Ondrej","Podtureò"
"596","510751","510963",2,"SK0315","SK0315","Liptovský Ondrej","Pribylina"
"597","510751","510998",1,"SK0315","SK0318","Liptovský Ondrej","Ružomberok"
"598","510751","511099",3,"SK0315","SK0315","Liptovský Ondrej","Uhorská Ves"
"599","510751","511170",2,"SK0315","SK0315","Liptovský Ondrej","Východná"
"600","510751","511196",6,"SK0315","SK0315","Liptovský Ondrej","Závažná Poruba"
"601","510751","558281",2,"SK0315","SK0315","Liptovský Ondrej","Liptovská Porúbka"
"602","510777","510262",90,"SK0315","SK0315","Liptovský Trnovec","Liptovský Mikuláš"
"603","510777","510335",3,"SK0315","SK0315","Liptovský Trnovec","Bobrovník"
"604","510777","510386",1,"SK0315","SK0315","Liptovský Trnovec","Demänovská Dolina"
"605","510777","510572",2,"SK0315","SK0315","Liptovský Trnovec","Kvaèany"
"606","510777","510599",1,"SK0315","SK0318","Liptovský Trnovec","Likavka"
"607","510777","510653",1,"SK0315","SK0315","Liptovský Trnovec","Liptovská Sielnica"
"608","510777","510726",4,"SK0315","SK0315","Liptovský Trnovec","Liptovský Hrádok"
"609","510777","510777",8,"SK0315","SK0315","Liptovský Trnovec","Liptovský Trnovec"
"610","510777","510807",1,"SK0315","SK0318","Liptovský Trnovec","¼ubochòa"
"611","510777","510904",1,"SK0315","SK0315","Liptovský Trnovec","Partizánska ¼upèa"
"612","510777","510947",1,"SK0315","SK0315","Liptovský Trnovec","Podtureò"
"613","510777","510998",7,"SK0315","SK0318","Liptovský Trnovec","Ružomberok"
"614","510777","511196",3,"SK0315","SK0315","Liptovský Trnovec","Závažná Poruba"
"615","510785","507300",1,"SK0318","SK0318","Lisková","Ivachnová"
"616","510785","510262",30,"SK0318","SK0315","Lisková","Liptovský Mikuláš"
"617","510785","510301",4,"SK0318","SK0318","Lisková","Bešeòová"
"618","510785","510335",1,"SK0318","SK0315","Lisková","Bobrovník"
"619","510785","510521",2,"SK0318","SK0315","Lisková","Jamník"
"620","510785","510530",1,"SK0318","SK0318","Lisková","Kalameny"
"621","510785","510599",16,"SK0318","SK0318","Lisková","Likavka"
"622","510785","510637",1,"SK0318","SK0318","Lisková","Liptovská Osada"
"623","510785","510661",2,"SK0318","SK0318","Lisková","Liptovská Štiavnica"
"624","510785","510670",7,"SK0318","SK0318","Lisková","Liptovská Teplá"
"625","510785","510726",7,"SK0318","SK0315","Lisková","Liptovský Hrádok"
"626","510785","510734",1,"SK0318","SK0315","Lisková","Liptovský Ján"
"627","510785","510785",75,"SK0318","SK0318","Lisková","Lisková"
"628","510785","510807",2,"SK0318","SK0318","Lisková","¼ubochòa"
"629","510785","510815",6,"SK0318","SK0318","Lisková","Lúèky"
"630","510785","510823",3,"SK0318","SK0318","Lisková","Ludrová"
"631","510785","510998",270,"SK0318","SK0318","Lisková","Ružomberok"
"632","510785","511005",3,"SK0318","SK0318","Lisková","Liptovské Sliaèe"
"633","510785","511056",7,"SK0318","SK0318","Lisková","Štiavnièka"
"634","510785","511102",1,"SK0318","SK0318","Lisková","Valaská Dubová"
"635","510785","511153",1,"SK0318","SK0315","Lisková","Vlachy"
"636","510785","511196",1,"SK0318","SK0315","Lisková","Závažná Poruba"
"637","510793","507300",1,"SK0315","SK0318","¼ube¾a","Ivachnová"
"638","510793","510262",151,"SK0315","SK0315","¼ube¾a","Liptovský Mikuláš"
"639","510793","510301",1,"SK0315","SK0318","¼ube¾a","Bešeòová"
"640","510793","510327",1,"SK0315","SK0315","¼ube¾a","Bobrovec"
"641","510793","510386",6,"SK0315","SK0315","¼ube¾a","Demänovská Dolina"
"642","510793","510408",10,"SK0315","SK0315","¼ube¾a","Dúbrava"
"643","510793","510424",2,"SK0315","SK0315","¼ube¾a","Gôtovany"
"644","510793","510521",1,"SK0315","SK0315","¼ube¾a","Jamník"
"645","510793","510572",1,"SK0315","SK0315","¼ube¾a","Kvaèany"
"646","510793","510670",2,"SK0315","SK0318","¼ube¾a","Liptovská Teplá"
"647","510793","510696",1,"SK0315","SK0315","¼ube¾a","Liptovské K¾aèany"
"648","510793","510726",8,"SK0315","SK0315","¼ube¾a","Liptovský Hrádok"
"649","510793","510734",4,"SK0315","SK0315","¼ube¾a","Liptovský Ján"
"650","510793","510742",1,"SK0315","SK0318","¼ube¾a","Liptovský Michal"
"651","510793","510785",3,"SK0315","SK0318","¼ube¾a","Lisková"
"652","510793","510793",38,"SK0315","SK0315","¼ube¾a","¼ube¾a"
"653","510793","510815",2,"SK0315","SK0318","¼ube¾a","Lúèky"
"654","510793","510831",2,"SK0315","SK0315","¼ube¾a","Malatíny"
"655","510793","510904",2,"SK0315","SK0315","¼ube¾a","Partizánska ¼upèa"
"656","510793","510998",28,"SK0315","SK0318","¼ube¾a","Ružomberok"
"657","510793","511048",2,"SK0315","SK0315","¼ube¾a","Svätý Kríž"
"658","510793","511099",1,"SK0315","SK0315","¼ube¾a","Uhorská Ves"
"659","510793","511153",3,"SK0315","SK0315","¼ube¾a","Vlachy"
"660","510793","511170",1,"SK0315","SK0315","¼ube¾a","Východná"
"661","510793","511196",12,"SK0315","SK0315","¼ube¾a","Závažná Poruba"
"662","510807","507300",1,"SK0318","SK0318","¼ubochòa","Ivachnová"
"663","510807","510262",6,"SK0318","SK0315","¼ubochòa","Liptovský Mikuláš"
"664","510807","510441",1,"SK0318","SK0318","¼ubochòa","Hubová"
"665","510807","510599",1,"SK0318","SK0318","¼ubochòa","Likavka"
"666","510807","510637",1,"SK0318","SK0318","¼ubochòa","Liptovská Osada"
"667","510807","510661",2,"SK0318","SK0318","¼ubochòa","Liptovská Štiavnica"
"668","510807","510726",1,"SK0318","SK0315","¼ubochòa","Liptovský Hrádok"
"669","510807","510807",92,"SK0318","SK0318","¼ubochòa","¼ubochòa"
"670","510807","510815",1,"SK0318","SK0318","¼ubochòa","Lúèky"
"671","510807","510998",86,"SK0318","SK0318","¼ubochòa","Ružomberok"
"672","510807","511030",3,"SK0318","SK0318","¼ubochòa","Stankovany"
"673","510807","511056",2,"SK0318","SK0318","¼ubochòa","Štiavnièka"
"674","510815","507300",1,"SK0318","SK0318","Lúèky","Ivachnová"
"675","510815","510262",24,"SK0318","SK0315","Lúèky","Liptovský Mikuláš"
"676","510815","510301",8,"SK0318","SK0318","Lúèky","Bešeòová"
"677","510815","510386",3,"SK0318","SK0315","Lúèky","Demänovská Dolina"
"678","510815","510530",1,"SK0318","SK0318","Lúèky","Kalameny"
"679","510815","510599",8,"SK0318","SK0318","Lúèky","Likavka"
"680","510815","510653",2,"SK0318","SK0315","Lúèky","Liptovská Sielnica"
"681","510815","510661",3,"SK0318","SK0318","Lúèky","Liptovská Štiavnica"
"682","510815","510670",29,"SK0318","SK0318","Lúèky","Liptovská Teplá"
"683","510815","510718",1,"SK0318","SK0318","Lúèky","Liptovské Revúce"
"684","510815","510726",3,"SK0318","SK0315","Lúèky","Liptovský Hrádok"
"685","510815","510785",4,"SK0318","SK0318","Lúèky","Lisková"
"686","510815","510807",2,"SK0318","SK0318","Lúèky","¼ubochòa"
"687","510815","510815",96,"SK0318","SK0318","Lúèky","Lúèky"
"688","510815","510904",2,"SK0318","SK0315","Lúèky","Partizánska ¼upèa"
"689","510815","510947",1,"SK0318","SK0315","Lúèky","Podtureò"
"690","510815","510998",128,"SK0318","SK0318","Lúèky","Ružomberok"
"691","510815","511153",3,"SK0318","SK0315","Lúèky","Vlachy"
"692","510815","511196",1,"SK0318","SK0315","Lúèky","Závažná Poruba"
"693","510823","507300",1,"SK0318","SK0318","Ludrová","Ivachnová"
"694","510823","510262",9,"SK0318","SK0315","Ludrová","Liptovský Mikuláš"
"695","510823","510408",1,"SK0318","SK0315","Ludrová","Dúbrava"
"696","510823","510548",1,"SK0318","SK0318","Ludrová","Komjatná"
"697","510823","510599",5,"SK0318","SK0318","Ludrová","Likavka"
"698","510823","510637",1,"SK0318","SK0318","Ludrová","Liptovská Osada"
"699","510823","510661",1,"SK0318","SK0318","Ludrová","Liptovská Štiavnica"
"700","510823","510785",2,"SK0318","SK0318","Ludrová","Lisková"
"701","510823","510823",32,"SK0318","SK0318","Ludrová","Ludrová"
"702","510823","510955",1,"SK0318","SK0318","Ludrová","Potok"
"703","510823","510998",154,"SK0318","SK0318","Ludrová","Ružomberok"
"704","510823","511056",5,"SK0318","SK0318","Ludrová","Štiavnièka"
"705","510831","507300",3,"SK0315","SK0318","Malatíny","Ivachnová"
"706","510831","510262",17,"SK0315","SK0315","Malatíny","Liptovský Mikuláš"
"707","510831","510386",3,"SK0315","SK0315","Malatíny","Demänovská Dolina"
"708","510831","510726",1,"SK0315","SK0315","Malatíny","Liptovský Hrádok"
"709","510831","510734",1,"SK0315","SK0315","Malatíny","Liptovský Ján"
"710","510831","510807",1,"SK0315","SK0318","Malatíny","¼ubochòa"
"711","510831","510831",4,"SK0315","SK0315","Malatíny","Malatíny"
"712","510831","510904",6,"SK0315","SK0315","Malatíny","Partizánska ¼upèa"
"713","510831","510947",1,"SK0315","SK0315","Malatíny","Podtureò"
"714","510831","510998",13,"SK0315","SK0318","Malatíny","Ružomberok"
"715","510831","511005",1,"SK0315","SK0318","Malatíny","Liptovské Sliaèe"
"716","510831","511153",1,"SK0315","SK0315","Malatíny","Vlachy"
"717","510840","510262",5,"SK0315","SK0315","Malé Borové","Liptovský Mikuláš"
"718","510840","510572",1,"SK0315","SK0315","Malé Borové","Kvaèany"
"719","510840","510726",1,"SK0315","SK0315","Malé Borové","Liptovský Hrádok"
"720","510840","510840",1,"SK0315","SK0315","Malé Borové","Malé Borové"
"721","510840","510947",1,"SK0315","SK0315","Malé Borové","Podtureò"
"722","510840","511200",1,"SK0315","SK0315","Malé Borové","Žiar"
"723","510858","510262",3,"SK0315","SK0315","Malužiná","Liptovský Mikuláš"
"724","510858","510467",1,"SK0315","SK0315","Malužiná","Hybe"
"725","510858","510726",20,"SK0315","SK0315","Malužiná","Liptovský Hrádok"
"726","510858","510858",26,"SK0315","SK0315","Malužiná","Malužiná"
"727","510858","510874",1,"SK0315","SK0315","Malužiná","Nižná Boca"
"728","510858","511013",1,"SK0315","SK0315","Malužiná","Smreèany"
"729","510858","511099",1,"SK0315","SK0315","Malužiná","Uhorská Ves"
"730","510858","511188",2,"SK0315","SK0315","Malužiná","Vyšná Boca"
"731","510858","558281",5,"SK0315","SK0315","Malužiná","Liptovská Porúbka"
"732","510866","510262",2,"SK0318","SK0315","Martinèek","Liptovský Mikuláš"
"733","510866","510599",14,"SK0318","SK0318","Martinèek","Likavka"
"734","510866","510726",1,"SK0318","SK0315","Martinèek","Liptovský Hrádok"
"735","510866","510785",2,"SK0318","SK0318","Martinèek","Lisková"
"736","510866","510866",5,"SK0318","SK0318","Martinèek","Martinèek"
"737","510866","510998",62,"SK0318","SK0318","Martinèek","Ružomberok"
"738","510874","510262",8,"SK0315","SK0315","Nižná Boca","Liptovský Mikuláš"
"739","510874","510726",6,"SK0315","SK0315","Nižná Boca","Liptovský Hrádok"
"740","510874","510734",1,"SK0315","SK0315","Nižná Boca","Liptovský Ján"
"741","510874","510858",6,"SK0315","SK0315","Nižná Boca","Malužiná"
"742","510874","510874",5,"SK0315","SK0315","Nižná Boca","Nižná Boca"
"743","510874","510998",1,"SK0315","SK0318","Nižná Boca","Ružomberok"
"744","510874","511129",1,"SK0315","SK0315","Nižná Boca","Važec"
"745","510874","558281",1,"SK0315","SK0315","Nižná Boca","Liptovská Porúbka"
"746","510904","507300",7,"SK0315","SK0318","Partizánska ¼upèa","Ivachnová"
"747","510904","510262",67,"SK0315","SK0315","Partizánska ¼upèa","Liptovský Mikuláš"
"748","510904","510301",3,"SK0315","SK0318","Partizánska ¼upèa","Bešeòová"
"749","510904","510386",2,"SK0315","SK0315","Partizánska ¼upèa","Demänovská Dolina"
"750","510904","510408",1,"SK0315","SK0315","Partizánska ¼upèa","Dúbrava"
"751","510904","510416",1,"SK0315","SK0315","Partizánska ¼upèa","Galovany"
"752","510904","510424",1,"SK0315","SK0315","Partizánska ¼upèa","Gôtovany"
"753","510904","510599",1,"SK0315","SK0318","Partizánska ¼upèa","Likavka"
"754","510904","510637",1,"SK0315","SK0318","Partizánska ¼upèa","Liptovská Osada"
"755","510904","510670",7,"SK0315","SK0318","Partizánska ¼upèa","Liptovská Teplá"
"756","510904","510726",7,"SK0315","SK0315","Partizánska ¼upèa","Liptovský Hrádok"
"757","510904","510742",1,"SK0315","SK0318","Partizánska ¼upèa","Liptovský Michal"
"758","510904","510785",4,"SK0315","SK0318","Partizánska ¼upèa","Lisková"
"759","510904","510793",4,"SK0315","SK0315","Partizánska ¼upèa","¼ube¾a"
"760","510904","510807",1,"SK0315","SK0318","Partizánska ¼upèa","¼ubochòa"
"761","510904","510815",1,"SK0315","SK0318","Partizánska ¼upèa","Lúèky"
"762","510904","510831",4,"SK0315","SK0315","Partizánska ¼upèa","Malatíny"
"763","510904","510904",94,"SK0315","SK0315","Partizánska ¼upèa","Partizánska ¼upèa"
"764","510904","510998",67,"SK0315","SK0318","Partizánska ¼upèa","Ružomberok"
"765","510904","511005",1,"SK0315","SK0318","Partizánska ¼upèa","Liptovské Sliaèe"
"766","510904","511196",2,"SK0315","SK0315","Partizánska ¼upèa","Závažná Poruba"
"767","510912","510262",49,"SK0315","SK0315","Pavèina Lehota","Liptovský Mikuláš"
"768","510912","510301",1,"SK0315","SK0318","Pavèina Lehota","Bešeòová"
"769","510912","510386",7,"SK0315","SK0315","Pavèina Lehota","Demänovská Dolina"
"770","510912","510611",1,"SK0315","SK0315","Pavèina Lehota","Liptovská Kokava"
"771","510912","510726",2,"SK0315","SK0315","Pavèina Lehota","Liptovský Hrádok"
"772","510912","510734",1,"SK0315","SK0315","Pavèina Lehota","Liptovský Ján"
"773","510912","510904",1,"SK0315","SK0315","Pavèina Lehota","Partizánska ¼upèa"
"774","510912","510912",7,"SK0315","SK0315","Pavèina Lehota","Pavèina Lehota"
"775","510912","510947",1,"SK0315","SK0315","Pavèina Lehota","Podtureò"
"776","510912","580287",1,"SK0315","SK0315","Pavèina Lehota","Liptovský Peter"
"777","510921","510262",36,"SK0315","SK0315","Pavlova Ves","Liptovský Mikuláš"
"778","510921","510327",3,"SK0315","SK0315","Pavlova Ves","Bobrovec"
"779","510921","510386",1,"SK0315","SK0315","Pavlova Ves","Demänovská Dolina"
"780","510921","510653",1,"SK0315","SK0315","Pavlova Ves","Liptovská Sielnica"
"781","510921","510726",3,"SK0315","SK0315","Pavlova Ves","Liptovský Hrádok"
"782","510921","510921",1,"SK0315","SK0315","Pavlova Ves","Pavlova Ves"
"783","510921","510947",1,"SK0315","SK0315","Pavlova Ves","Podtureò"
"784","510921","511048",1,"SK0315","SK0315","Pavlova Ves","Svätý Kríž"
"785","510921","511196",2,"SK0315","SK0315","Pavlova Ves","Závažná Poruba"
"786","510947","510262",139,"SK0315","SK0315","Podtureò","Liptovský Mikuláš"
"787","510947","510301",2,"SK0315","SK0318","Podtureò","Bešeòová"
"788","510947","510386",9,"SK0315","SK0315","Podtureò","Demänovská Dolina"
"789","510947","510408",1,"SK0315","SK0315","Podtureò","Dúbrava"
"790","510947","510521",1,"SK0315","SK0315","Podtureò","Jamník"
"791","510947","510670",1,"SK0315","SK0318","Podtureò","Liptovská Teplá"
"792","510947","510726",62,"SK0315","SK0315","Podtureò","Liptovský Hrádok"
"793","510947","510734",14,"SK0315","SK0315","Podtureò","Liptovský Ján"
"794","510947","510751",2,"SK0315","SK0315","Podtureò","Liptovský Ondrej"
"795","510947","510858",1,"SK0315","SK0315","Podtureò","Malužiná"
"796","510947","510947",27,"SK0315","SK0315","Podtureò","Podtureò"
"797","510947","510963",2,"SK0315","SK0315","Podtureò","Pribylina"
"798","510947","510998",11,"SK0315","SK0318","Podtureò","Ružomberok"
"799","510947","511099",5,"SK0315","SK0315","Podtureò","Uhorská Ves"
"800","510947","511145",1,"SK0315","SK0315","Podtureò","Veterná Poruba"
"801","510947","511196",5,"SK0315","SK0315","Podtureò","Závažná Poruba"
"802","510947","558281",1,"SK0315","SK0315","Podtureò","Liptovská Porúbka"
"803","510955","510262",3,"SK0318","SK0315","Potok","Liptovský Mikuláš"
"804","510955","510301",1,"SK0318","SK0318","Potok","Bešeòová"
"805","510955","510408",1,"SK0318","SK0315","Potok","Dúbrava"
"806","510955","510785",2,"SK0318","SK0318","Potok","Lisková"
"807","510955","510955",2,"SK0318","SK0318","Potok","Potok"
"808","510955","510998",10,"SK0318","SK0318","Potok","Ružomberok"
"809","510955","511153",1,"SK0318","SK0315","Potok","Vlachy"
"810","510963","510262",49,"SK0315","SK0315","Pribylina","Liptovský Mikuláš"
"811","510963","510386",2,"SK0315","SK0315","Pribylina","Demänovská Dolina"
"812","510963","510408",1,"SK0315","SK0315","Pribylina","Dúbrava"
"813","510963","510513",1,"SK0315","SK0315","Pribylina","Jalovec"
"814","510963","510564",3,"SK0315","SK0315","Pribylina","Krá¾ova Lehota"
"815","510963","510611",2,"SK0315","SK0315","Pribylina","Liptovská Kokava"
"816","510963","510726",56,"SK0315","SK0315","Pribylina","Liptovský Hrádok"
"817","510963","510734",1,"SK0315","SK0315","Pribylina","Liptovský Ján"
"818","510963","510947",4,"SK0315","SK0315","Pribylina","Podtureò"
"819","510963","510963",48,"SK0315","SK0315","Pribylina","Pribylina"
"820","510963","510998",3,"SK0315","SK0318","Pribylina","Ružomberok"
"821","510963","511111",2,"SK0315","SK0315","Pribylina","Vavrišovo"
"822","510963","511129",1,"SK0315","SK0315","Pribylina","Važec"
"823","510963","511170",2,"SK0315","SK0315","Pribylina","Východná"
"824","510963","558281",3,"SK0315","SK0315","Pribylina","Liptovská Porúbka"
"825","510963","580287",1,"SK0315","SK0315","Pribylina","Liptovský Peter"
"826","510971","510262",25,"SK0315","SK0315","Prosiek","Liptovský Mikuláš"
"827","510971","510301",1,"SK0315","SK0318","Prosiek","Bešeòová"
"828","510971","510351",1,"SK0315","SK0315","Prosiek","Bukovina"
"829","510971","510572",1,"SK0315","SK0315","Prosiek","Kvaèany"
"830","510971","510653",2,"SK0315","SK0315","Prosiek","Liptovská Sielnica"
"831","510971","510700",1,"SK0315","SK0315","Prosiek","Liptovské Matiašovce"
"832","510971","510726",1,"SK0315","SK0315","Prosiek","Liptovský Hrádok"
"833","510971","510734",1,"SK0315","SK0315","Prosiek","Liptovský Ján"
"834","510971","510777",1,"SK0315","SK0315","Prosiek","Liptovský Trnovec"
"835","510971","510912",1,"SK0315","SK0315","Prosiek","Pavèina Lehota"
"836","510971","510971",4,"SK0315","SK0315","Prosiek","Prosiek"
"837","510971","510998",4,"SK0315","SK0318","Prosiek","Ružomberok"
"838","510971","511013",1,"SK0315","SK0315","Prosiek","Smreèany"
"839","510971","511196",1,"SK0315","SK0315","Prosiek","Závažná Poruba"
"840","510998","507300",16,"SK0318","SK0318","Ružomberok","Ivachnová"
"841","510998","510262",209,"SK0318","SK0315","Ružomberok","Liptovský Mikuláš"
"842","510998","510301",14,"SK0318","SK0318","Ružomberok","Bešeòová"
"843","510998","510327",1,"SK0318","SK0315","Ružomberok","Bobrovec"
"844","510998","510386",6,"SK0318","SK0315","Ružomberok","Demänovská Dolina"
"845","510998","510408",6,"SK0318","SK0315","Ružomberok","Dúbrava"
"846","510998","510416",1,"SK0318","SK0315","Ružomberok","Galovany"
"847","510998","510441",4,"SK0318","SK0318","Ružomberok","Hubová"
"848","510998","510530",1,"SK0318","SK0318","Ružomberok","Kalameny"
"849","510998","510548",6,"SK0318","SK0318","Ružomberok","Komjatná"
"850","510998","510599",113,"SK0318","SK0318","Ružomberok","Likavka"
"851","510998","510602",1,"SK0318","SK0315","Ružomberok","Liptovská Anna"
"852","510998","510629",4,"SK0318","SK0318","Ružomberok","Liptovská Lúžna"
"853","510998","510637",15,"SK0318","SK0318","Ružomberok","Liptovská Osada"
"854","510998","510653",1,"SK0318","SK0315","Ružomberok","Liptovská Sielnica"
"855","510998","510661",24,"SK0318","SK0318","Ružomberok","Liptovská Štiavnica"
"856","510998","510670",27,"SK0318","SK0318","Ružomberok","Liptovská Teplá"
"857","510998","510718",4,"SK0318","SK0318","Ružomberok","Liptovské Revúce"
"858","510998","510726",26,"SK0318","SK0315","Ružomberok","Liptovský Hrádok"
"859","510998","510734",2,"SK0318","SK0315","Ružomberok","Liptovský Ján"
"860","510998","510742",1,"SK0318","SK0318","Ružomberok","Liptovský Michal"
"861","510998","510777",1,"SK0318","SK0315","Ružomberok","Liptovský Trnovec"
"862","510998","510785",43,"SK0318","SK0318","Ružomberok","Lisková"
"863","510998","510793",1,"SK0318","SK0315","Ružomberok","¼ube¾a"
"864","510998","510807",48,"SK0318","SK0318","Ružomberok","¼ubochòa"
"865","510998","510815",16,"SK0318","SK0318","Ružomberok","Lúèky"
"866","510998","510823",21,"SK0318","SK0318","Ružomberok","Ludrová"
"867","510998","510904",13,"SK0318","SK0315","Ružomberok","Partizánska ¼upèa"
"868","510998","510947",2,"SK0318","SK0315","Ružomberok","Podtureò"
"869","510998","510955",4,"SK0318","SK0318","Ružomberok","Potok"
"870","510998","510998",4609,"SK0318","SK0318","Ružomberok","Ružomberok"
"871","510998","511005",23,"SK0318","SK0318","Ružomberok","Liptovské Sliaèe"
"872","510998","511030",4,"SK0318","SK0318","Ružomberok","Stankovany"
"873","510998","511056",38,"SK0318","SK0318","Ružomberok","Štiavnièka"
"874","510998","511064",1,"SK0318","SK0318","Ružomberok","Švošov"
"875","510998","511102",1,"SK0318","SK0318","Ružomberok","Valaská Dubová"
"876","510998","511153",5,"SK0318","SK0315","Ružomberok","Vlachy"
"877","510998","511170",1,"SK0318","SK0315","Ružomberok","Východná"
"878","510998","511196",7,"SK0318","SK0315","Ružomberok","Závažná Poruba"
"879","511005","507300",9,"SK0318","SK0318","Liptovské Sliaèe","Ivachnová"
"880","511005","507407",1,"SK0318","SK0318","Liptovské Sliaèe","Turík"
"881","511005","510262",32,"SK0318","SK0315","Liptovské Sliaèe","Liptovský Mikuláš"
"882","511005","510301",7,"SK0318","SK0318","Liptovské Sliaèe","Bešeòová"
"883","511005","510335",1,"SK0318","SK0315","Liptovské Sliaèe","Bobrovník"
"884","511005","510408",1,"SK0318","SK0315","Liptovské Sliaèe","Dúbrava"
"885","511005","510416",1,"SK0318","SK0315","Liptovské Sliaèe","Galovany"
"886","511005","510599",15,"SK0318","SK0318","Liptovské Sliaèe","Likavka"
"887","511005","510637",2,"SK0318","SK0318","Liptovské Sliaèe","Liptovská Osada"
"888","511005","510653",1,"SK0318","SK0315","Liptovské Sliaèe","Liptovská Sielnica"
"889","511005","510661",2,"SK0318","SK0318","Liptovské Sliaèe","Liptovská Štiavnica"
"890","511005","510670",3,"SK0318","SK0318","Liptovské Sliaèe","Liptovská Teplá"
"891","511005","510726",3,"SK0318","SK0315","Liptovské Sliaèe","Liptovský Hrádok"
"892","511005","510734",1,"SK0318","SK0315","Liptovské Sliaèe","Liptovský Ján"
"893","511005","510785",12,"SK0318","SK0318","Liptovské Sliaèe","Lisková"
"894","511005","510807",3,"SK0318","SK0318","Liptovské Sliaèe","¼ubochòa"
"895","511005","510815",3,"SK0318","SK0318","Liptovské Sliaèe","Lúèky"
"896","511005","510823",1,"SK0318","SK0318","Liptovské Sliaèe","Ludrová"
"897","511005","510904",5,"SK0318","SK0315","Liptovské Sliaèe","Partizánska ¼upèa"
"898","511005","510998",506,"SK0318","SK0318","Liptovské Sliaèe","Ružomberok"
"899","511005","511005",125,"SK0318","SK0318","Liptovské Sliaèe","Liptovské Sliaèe"
"900","511005","511056",9,"SK0318","SK0318","Liptovské Sliaèe","Štiavnièka"
"901","511005","511153",2,"SK0318","SK0315","Liptovské Sliaèe","Vlachy"
"902","511005","511196",4,"SK0318","SK0315","Liptovské Sliaèe","Závažná Poruba"
"903","511013","510262",106,"SK0315","SK0315","Smreèany","Liptovský Mikuláš"
"904","511013","510327",2,"SK0315","SK0315","Smreèany","Bobrovec"
"905","511013","510386",6,"SK0315","SK0315","Smreèany","Demänovská Dolina"
"906","511013","510513",1,"SK0315","SK0315","Smreèany","Jalovec"
"907","511013","510521",2,"SK0315","SK0315","Smreèany","Jamník"
"908","511013","510572",1,"SK0315","SK0315","Smreèany","Kvaèany"
"909","511013","510726",6,"SK0315","SK0315","Smreèany","Liptovský Hrádok"
"910","511013","510734",1,"SK0315","SK0315","Smreèany","Liptovský Ján"
"911","511013","510947",2,"SK0315","SK0315","Smreèany","Podtureò"
"912","511013","510998",2,"SK0315","SK0318","Smreèany","Ružomberok"
"913","511013","511013",30,"SK0315","SK0315","Smreèany","Smreèany"
"914","511013","511048",1,"SK0315","SK0315","Smreèany","Svätý Kríž"
"915","511013","511153",1,"SK0315","SK0315","Smreèany","Vlachy"
"916","511013","511196",4,"SK0315","SK0315","Smreèany","Závažná Poruba"
"917","511030","507300",1,"SK0318","SK0318","Stankovany","Ivachnová"
"918","511030","510262",4,"SK0318","SK0315","Stankovany","Liptovský Mikuláš"
"919","511030","510441",1,"SK0318","SK0318","Stankovany","Hubová"
"920","511030","510548",2,"SK0318","SK0318","Stankovany","Komjatná"
"921","511030","510599",3,"SK0318","SK0318","Stankovany","Likavka"
"922","511030","510785",2,"SK0318","SK0318","Stankovany","Lisková"
"923","511030","510807",17,"SK0318","SK0318","Stankovany","¼ubochòa"
"924","511030","510998",57,"SK0318","SK0318","Stankovany","Ružomberok"
"925","511030","511030",24,"SK0318","SK0318","Stankovany","Stankovany"
"926","511030","511056",1,"SK0318","SK0318","Stankovany","Štiavnièka"
"927","511030","511064",1,"SK0318","SK0318","Stankovany","Švošov"
"928","511048","510262",150,"SK0315","SK0315","Svätý Kríž","Liptovský Mikuláš"
"929","511048","510386",5,"SK0315","SK0315","Svätý Kríž","Demänovská Dolina"
"930","511048","510408",1,"SK0315","SK0315","Svätý Kríž","Dúbrava"
"931","511048","510416",1,"SK0315","SK0315","Svätý Kríž","Galovany"
"932","511048","510661",1,"SK0315","SK0318","Svätý Kríž","Liptovská Štiavnica"
"933","511048","510726",8,"SK0315","SK0315","Svätý Kríž","Liptovský Hrádok"
"934","511048","510734",1,"SK0315","SK0315","Svätý Kríž","Liptovský Ján"
"935","511048","510777",1,"SK0315","SK0315","Svätý Kríž","Liptovský Trnovec"
"936","511048","510793",2,"SK0315","SK0315","Svätý Kríž","¼ube¾a"
"937","511048","510831",2,"SK0315","SK0315","Svätý Kríž","Malatíny"
"938","511048","510904",5,"SK0315","SK0315","Svätý Kríž","Partizánska ¼upèa"
"939","511048","510947",4,"SK0315","SK0315","Svätý Kríž","Podtureò"
"940","511048","510998",6,"SK0315","SK0318","Svätý Kríž","Ružomberok"
"941","511048","511048",24,"SK0315","SK0315","Svätý Kríž","Svätý Kríž"
"942","511048","511129",1,"SK0315","SK0315","Svätý Kríž","Važec"
"943","511048","511196",20,"SK0315","SK0315","Svätý Kríž","Závažná Poruba"
"944","511056","507300",2,"SK0318","SK0318","Štiavnièka","Ivachnová"
"945","511056","510262",12,"SK0318","SK0315","Štiavnièka","Liptovský Mikuláš"
"946","511056","510301",2,"SK0318","SK0318","Štiavnièka","Bešeòová"
"947","511056","510386",1,"SK0318","SK0315","Štiavnièka","Demänovská Dolina"
"948","511056","510599",6,"SK0318","SK0318","Štiavnièka","Likavka"
"949","511056","510629",1,"SK0318","SK0318","Štiavnièka","Liptovská Lúžna"
"950","511056","510653",1,"SK0318","SK0315","Štiavnièka","Liptovská Sielnica"
"951","511056","510661",2,"SK0318","SK0318","Štiavnièka","Liptovská Štiavnica"
"952","511056","510670",1,"SK0318","SK0318","Štiavnièka","Liptovská Teplá"
"953","511056","510785",4,"SK0318","SK0318","Štiavnièka","Lisková"
"954","511056","510807",1,"SK0318","SK0318","Štiavnièka","¼ubochòa"
"955","511056","510815",1,"SK0318","SK0318","Štiavnièka","Lúèky"
"956","511056","510823",9,"SK0318","SK0318","Štiavnièka","Ludrová"
"957","511056","510955",1,"SK0318","SK0318","Štiavnièka","Potok"
"958","511056","510998",150,"SK0318","SK0318","Štiavnièka","Ružomberok"
"959","511056","511005",1,"SK0318","SK0318","Štiavnièka","Liptovské Sliaèe"
"960","511056","511056",17,"SK0318","SK0318","Štiavnièka","Štiavnièka"
"961","511064","510262",3,"SK0318","SK0315","Švošov","Liptovský Mikuláš"
"962","511064","510441",2,"SK0318","SK0318","Švošov","Hubová"
"963","511064","510548",1,"SK0318","SK0318","Švošov","Komjatná"
"964","511064","510599",3,"SK0318","SK0318","Švošov","Likavka"
"965","511064","510807",13,"SK0318","SK0318","Švošov","¼ubochòa"
"966","511064","510823",1,"SK0318","SK0318","Švošov","Ludrová"
"967","511064","510998",93,"SK0318","SK0318","Švošov","Ružomberok"
"968","511064","511056",1,"SK0318","SK0318","Švošov","Štiavnièka"
"969","511064","511064",20,"SK0318","SK0318","Švošov","Švošov"
"970","511064","511099",1,"SK0318","SK0315","Švošov","Uhorská Ves"
"971","511064","511102",1,"SK0318","SK0318","Švošov","Valaská Dubová"
"972","511072","510262",42,"SK0315","SK0315","Trstené","Liptovský Mikuláš"
"973","511072","510327",3,"SK0315","SK0315","Trstené","Bobrovec"
"974","511072","510386",2,"SK0315","SK0315","Trstené","Demänovská Dolina"
"975","511072","510726",2,"SK0315","SK0315","Trstené","Liptovský Hrádok"
"976","511072","510734",2,"SK0315","SK0315","Trstené","Liptovský Ján"
"977","511072","510998",2,"SK0315","SK0318","Trstené","Ružomberok"
"978","511072","511072",2,"SK0315","SK0315","Trstené","Trstené"
"979","511072","511196",1,"SK0315","SK0315","Trstené","Závažná Poruba"
"980","511099","510262",49,"SK0315","SK0315","Uhorská Ves","Liptovský Mikuláš"
"981","511099","510416",1,"SK0315","SK0315","Uhorská Ves","Galovany"
"982","511099","510726",26,"SK0315","SK0315","Uhorská Ves","Liptovský Hrádok"
"983","511099","510734",23,"SK0315","SK0315","Uhorská Ves","Liptovský Ján"
"984","511099","510751",1,"SK0315","SK0315","Uhorská Ves","Liptovský Ondrej"
"985","511099","510807",1,"SK0315","SK0318","Uhorská Ves","¼ubochòa"
"986","511099","510947",2,"SK0315","SK0315","Uhorská Ves","Podtureò"
"987","511099","510998",5,"SK0315","SK0318","Uhorská Ves","Ružomberok"
"988","511099","511099",9,"SK0315","SK0315","Uhorská Ves","Uhorská Ves"
"989","511099","511196",4,"SK0315","SK0315","Uhorská Ves","Závažná Poruba"
"990","511099","558281",3,"SK0315","SK0315","Uhorská Ves","Liptovská Porúbka"
"991","511102","507300",1,"SK0318","SK0318","Valaská Dubová","Ivachnová"
"992","511102","510262",1,"SK0318","SK0315","Valaská Dubová","Liptovský Mikuláš"
"993","511102","510548",2,"SK0318","SK0318","Valaská Dubová","Komjatná"
"994","511102","510599",7,"SK0318","SK0318","Valaská Dubová","Likavka"
"995","511102","510637",1,"SK0318","SK0318","Valaská Dubová","Liptovská Osada"
"996","511102","510661",1,"SK0318","SK0318","Valaská Dubová","Liptovská Štiavnica"
"997","511102","510726",1,"SK0318","SK0315","Valaská Dubová","Liptovský Hrádok"
"998","511102","510947",1,"SK0318","SK0315","Valaská Dubová","Podtureò"
"999","511102","510955",2,"SK0318","SK0318","Valaská Dubová","Potok"
"1000","511102","510998",54,"SK0318","SK0318","Valaská Dubová","Ružomberok"
"1001","511102","511102",11,"SK0318","SK0318","Valaská Dubová","Valaská Dubová"
"1002","511111","510262",39,"SK0315","SK0315","Vavrišovo","Liptovský Mikuláš"
"1003","511111","510327",1,"SK0315","SK0315","Vavrišovo","Bobrovec"
"1004","511111","510386",1,"SK0315","SK0315","Vavrišovo","Demänovská Dolina"
"1005","511111","510521",1,"SK0315","SK0315","Vavrišovo","Jamník"
"1006","511111","510611",1,"SK0315","SK0315","Vavrišovo","Liptovská Kokava"
"1007","511111","510726",70,"SK0315","SK0315","Vavrišovo","Liptovský Hrádok"
"1008","511111","510734",1,"SK0315","SK0315","Vavrišovo","Liptovský Ján"
"1009","511111","510751",2,"SK0315","SK0315","Vavrišovo","Liptovský Ondrej"
"1010","511111","510947",2,"SK0315","SK0315","Vavrišovo","Podtureò"
"1011","511111","510963",5,"SK0315","SK0315","Vavrišovo","Pribylina"
"1012","511111","510998",5,"SK0315","SK0318","Vavrišovo","Ružomberok"
"1013","511111","511099",2,"SK0315","SK0315","Vavrišovo","Uhorská Ves"
"1014","511111","511111",6,"SK0315","SK0315","Vavrišovo","Vavrišovo"
"1015","511111","511129",1,"SK0315","SK0315","Vavrišovo","Važec"
"1016","511111","511196",1,"SK0315","SK0315","Vavrišovo","Závažná Poruba"
"1017","511111","580287",2,"SK0315","SK0315","Vavrišovo","Liptovský Peter"
"1018","511129","510262",42,"SK0315","SK0315","Važec","Liptovský Mikuláš"
"1019","511129","510386",1,"SK0315","SK0315","Važec","Demänovská Dolina"
"1020","511129","510564",6,"SK0315","SK0315","Važec","Krá¾ova Lehota"
"1021","511129","510726",48,"SK0315","SK0315","Važec","Liptovský Hrádok"
"1022","511129","510734",1,"SK0315","SK0315","Važec","Liptovský Ján"
"1023","511129","510858",3,"SK0315","SK0315","Važec","Malužiná"
"1024","511129","510904",1,"SK0315","SK0315","Važec","Partizánska ¼upèa"
"1025","511129","510947",1,"SK0315","SK0315","Važec","Podtureò"
"1026","511129","510963",1,"SK0315","SK0315","Važec","Pribylina"
"1027","511129","510998",4,"SK0315","SK0318","Važec","Ružomberok"
"1028","511129","511099",1,"SK0315","SK0315","Važec","Uhorská Ves"
"1029","511129","511129",89,"SK0315","SK0315","Važec","Važec"
"1030","511129","511170",9,"SK0315","SK0315","Važec","Východná"
"1031","511129","511196",10,"SK0315","SK0315","Važec","Závažná Poruba"
"1032","511129","558281",2,"SK0315","SK0315","Važec","Liptovská Porúbka"
"1033","511137","510262",2,"SK0315","SK0315","Ve¾ké Borové","Liptovský Mikuláš"
"1034","511137","510572",1,"SK0315","SK0315","Ve¾ké Borové","Kvaèany"
"1035","511137","511137",1,"SK0315","SK0315","Ve¾ké Borové","Ve¾ké Borové"
"1036","511145","510262",73,"SK0315","SK0315","Veterná Poruba","Liptovský Mikuláš"
"1037","511145","510386",1,"SK0315","SK0315","Veterná Poruba","Demänovská Dolina"
"1038","511145","510564",1,"SK0315","SK0315","Veterná Poruba","Krá¾ova Lehota"
"1039","511145","510726",3,"SK0315","SK0315","Veterná Poruba","Liptovský Hrádok"
"1040","511145","510947",1,"SK0315","SK0315","Veterná Poruba","Podtureò"
"1041","511145","510998",2,"SK0315","SK0318","Veterná Poruba","Ružomberok"
"1042","511145","511013",6,"SK0315","SK0315","Veterná Poruba","Smreèany"
"1043","511145","511048",1,"SK0315","SK0315","Veterná Poruba","Svätý Kríž"
"1044","511145","511145",4,"SK0315","SK0315","Veterná Poruba","Veterná Poruba"
"1045","511145","511196",6,"SK0315","SK0315","Veterná Poruba","Závažná Poruba"
"1046","511153","510262",66,"SK0315","SK0315","Vlachy","Liptovský Mikuláš"
"1047","511153","510301",2,"SK0315","SK0318","Vlachy","Bešeòová"
"1048","511153","510335",2,"SK0315","SK0315","Vlachy","Bobrovník"
"1049","511153","510386",2,"SK0315","SK0315","Vlachy","Demänovská Dolina"
"1050","511153","510408",1,"SK0315","SK0315","Vlachy","Dúbrava"
"1051","511153","510424",1,"SK0315","SK0315","Vlachy","Gôtovany"
"1052","511153","510696",2,"SK0315","SK0315","Vlachy","Liptovské K¾aèany"
"1053","511153","510726",3,"SK0315","SK0315","Vlachy","Liptovský Hrádok"
"1054","511153","510793",2,"SK0315","SK0315","Vlachy","¼ube¾a"
"1055","511153","510904",1,"SK0315","SK0315","Vlachy","Partizánska ¼upèa"
"1056","511153","510998",27,"SK0315","SK0318","Vlachy","Ružomberok"
"1057","511153","511005",1,"SK0315","SK0318","Vlachy","Liptovské Sliaèe"
"1058","511153","511048",1,"SK0315","SK0315","Vlachy","Svätý Kríž"
"1059","511153","511153",32,"SK0315","SK0315","Vlachy","Vlachy"
"1060","511153","511196",6,"SK0315","SK0315","Vlachy","Závažná Poruba"
"1061","511170","510262",96,"SK0315","SK0315","Východná","Liptovský Mikuláš"
"1062","511170","510386",1,"SK0315","SK0315","Východná","Demänovská Dolina"
"1063","511170","510408",1,"SK0315","SK0315","Východná","Dúbrava"
"1064","511170","510467",9,"SK0315","SK0315","Východná","Hybe"
"1065","511170","510521",1,"SK0315","SK0315","Východná","Jamník"
"1066","511170","510564",11,"SK0315","SK0315","Východná","Krá¾ova Lehota"
"1067","511170","510599",1,"SK0315","SK0318","Východná","Likavka"
"1068","511170","510611",1,"SK0315","SK0315","Východná","Liptovská Kokava"
"1069","511170","510700",1,"SK0315","SK0315","Východná","Liptovské Matiašovce"
"1070","511170","510726",156,"SK0315","SK0315","Východná","Liptovský Hrádok"
"1071","511170","510734",5,"SK0315","SK0315","Východná","Liptovský Ján"
"1072","511170","510777",1,"SK0315","SK0315","Východná","Liptovský Trnovec"
"1073","511170","510858",6,"SK0315","SK0315","Východná","Malužiná"
"1074","511170","510947",2,"SK0315","SK0315","Východná","Podtureò"
"1075","511170","510963",1,"SK0315","SK0315","Východná","Pribylina"
"1076","511170","510998",6,"SK0315","SK0318","Východná","Ružomberok"
"1077","511170","511099",5,"SK0315","SK0315","Východná","Uhorská Ves"
"1078","511170","511129",6,"SK0315","SK0315","Východná","Važec"
"1079","511170","511170",92,"SK0315","SK0315","Východná","Východná"
"1080","511170","511196",2,"SK0315","SK0315","Východná","Závažná Poruba"
"1081","511170","558281",4,"SK0315","SK0315","Východná","Liptovská Porúbka"
"1082","511188","510262",6,"SK0315","SK0315","Vyšná Boca","Liptovský Mikuláš"
"1083","511188","510521",1,"SK0315","SK0315","Vyšná Boca","Jamník"
"1084","511188","510726",1,"SK0315","SK0315","Vyšná Boca","Liptovský Hrádok"
"1085","511188","510858",2,"SK0315","SK0315","Vyšná Boca","Malužiná"
"1086","511188","510874",1,"SK0315","SK0315","Vyšná Boca","Nižná Boca"
"1087","511188","510947",1,"SK0315","SK0315","Vyšná Boca","Podtureò"
"1088","511188","511188",2,"SK0315","SK0315","Vyšná Boca","Vyšná Boca"
"1089","511196","510262",138,"SK0315","SK0315","Závažná Poruba","Liptovský Mikuláš"
"1090","511196","510301",1,"SK0315","SK0318","Závažná Poruba","Bešeòová"
"1091","511196","510386",8,"SK0315","SK0315","Závažná Poruba","Demänovská Dolina"
"1092","511196","510467",1,"SK0315","SK0315","Závažná Poruba","Hybe"
"1093","511196","510653",1,"SK0315","SK0315","Závažná Poruba","Liptovská Sielnica"
"1094","511196","510670",1,"SK0315","SK0318","Závažná Poruba","Liptovská Teplá"
"1095","511196","510726",23,"SK0315","SK0315","Závažná Poruba","Liptovský Hrádok"
"1096","511196","510734",1,"SK0315","SK0315","Závažná Poruba","Liptovský Ján"
"1097","511196","510751",2,"SK0315","SK0315","Závažná Poruba","Liptovský Ondrej"
"1098","511196","510785",1,"SK0315","SK0318","Závažná Poruba","Lisková"
"1099","511196","510793",1,"SK0315","SK0315","Závažná Poruba","¼ube¾a"
"1100","511196","510947",3,"SK0315","SK0315","Závažná Poruba","Podtureò"
"1101","511196","510998",7,"SK0315","SK0318","Závažná Poruba","Ružomberok"
"1102","511196","511099",2,"SK0315","SK0315","Závažná Poruba","Uhorská Ves"
"1103","511196","511170",1,"SK0315","SK0315","Závažná Poruba","Východná"
"1104","511196","511196",51,"SK0315","SK0315","Závažná Poruba","Závažná Poruba"
"1105","511196","511200",1,"SK0315","SK0315","Závažná Poruba","Žiar"
"1106","511200","510262",72,"SK0315","SK0315","Žiar","Liptovský Mikuláš"
"1107","511200","510386",2,"SK0315","SK0315","Žiar","Demänovská Dolina"
"1108","511200","510408",1,"SK0315","SK0315","Žiar","Dúbrava"
"1109","511200","510726",10,"SK0315","SK0315","Žiar","Liptovský Hrádok"
"1110","511200","510785",2,"SK0315","SK0318","Žiar","Lisková"
"1111","511200","510831",1,"SK0315","SK0315","Žiar","Malatíny"
"1112","511200","510998",5,"SK0315","SK0318","Žiar","Ružomberok"
"1113","511200","511013",4,"SK0315","SK0315","Žiar","Smreèany"
"1114","511200","511048",2,"SK0315","SK0315","Žiar","Svätý Kríž"
"1115","511200","511145",2,"SK0315","SK0315","Žiar","Veterná Poruba"
"1116","511200","511153",1,"SK0315","SK0315","Žiar","Vlachy"
"1117","511200","511196",4,"SK0315","SK0315","Žiar","Závažná Poruba"
"1118","511200","511200",10,"SK0315","SK0315","Žiar","Žiar"
"1119","556807","510262",10,"SK0315","SK0315","Ižipovce","Liptovský Mikuláš"
"1120","556807","510351",1,"SK0315","SK0315","Ižipovce","Bukovina"
"1121","556807","510572",1,"SK0315","SK0315","Ižipovce","Kvaèany"
"1122","556807","510726",1,"SK0315","SK0315","Ižipovce","Liptovský Hrádok"
"1123","556807","510777",1,"SK0315","SK0315","Ižipovce","Liptovský Trnovec"
"1124","556807","510793",1,"SK0315","SK0315","Ižipovce","¼ube¾a"
"1125","556807","510904",1,"SK0315","SK0315","Ižipovce","Partizánska ¼upèa"
"1126","556807","510971",1,"SK0315","SK0315","Ižipovce","Prosiek"
"1127","558281","510262",36,"SK0315","SK0315","Liptovská Porúbka","Liptovský Mikuláš"
"1128","558281","510335",1,"SK0315","SK0315","Liptovská Porúbka","Bobrovník"
"1129","558281","510386",2,"SK0315","SK0315","Liptovská Porúbka","Demänovská Dolina"
"1130","558281","510408",1,"SK0315","SK0315","Liptovská Porúbka","Dúbrava"
"1131","558281","510467",1,"SK0315","SK0315","Liptovská Porúbka","Hybe"
"1132","558281","510521",1,"SK0315","SK0315","Liptovská Porúbka","Jamník"
"1133","558281","510564",3,"SK0315","SK0315","Liptovská Porúbka","Krá¾ova Lehota"
"1134","558281","510611",1,"SK0315","SK0315","Liptovská Porúbka","Liptovská Kokava"
"1135","558281","510661",1,"SK0315","SK0318","Liptovská Porúbka","Liptovská Štiavnica"
"1136","558281","510726",127,"SK0315","SK0315","Liptovská Porúbka","Liptovský Hrádok"
"1137","558281","510734",4,"SK0315","SK0315","Liptovská Porúbka","Liptovský Ján"
"1138","558281","510751",1,"SK0315","SK0315","Liptovská Porúbka","Liptovský Ondrej"
"1139","558281","510858",2,"SK0315","SK0315","Liptovská Porúbka","Malužiná"
"1140","558281","510947",6,"SK0315","SK0315","Liptovská Porúbka","Podtureò"
"1141","558281","510963",1,"SK0315","SK0315","Liptovská Porúbka","Pribylina"
"1142","558281","510998",2,"SK0315","SK0318","Liptovská Porúbka","Ružomberok"
"1143","558281","511056",1,"SK0315","SK0318","Liptovská Porúbka","Štiavnièka"
"1144","558281","511099",5,"SK0315","SK0315","Liptovská Porúbka","Uhorská Ves"
"1145","558281","511170",2,"SK0315","SK0315","Liptovská Porúbka","Východná"
"1146","558281","511196",2,"SK0315","SK0315","Liptovská Porúbka","Závažná Poruba"
"1147","558281","558281",26,"SK0315","SK0315","Liptovská Porúbka","Liptovská Porúbka"
"1148","580287","510262",84,"SK0315","SK0315","Liptovský Peter","Liptovský Mikuláš"
"1149","580287","510386",5,"SK0315","SK0315","Liptovský Peter","Demänovská Dolina"
"1150","580287","510467",1,"SK0315","SK0315","Liptovský Peter","Hybe"
"1151","580287","510521",3,"SK0315","SK0315","Liptovský Peter","Jamník"
"1152","580287","510564",2,"SK0315","SK0315","Liptovský Peter","Krá¾ova Lehota"
"1153","580287","510611",3,"SK0315","SK0315","Liptovský Peter","Liptovská Kokava"
"1154","580287","510726",154,"SK0315","SK0315","Liptovský Peter","Liptovský Hrádok"
"1155","580287","510734",5,"SK0315","SK0315","Liptovský Peter","Liptovský Ján"
"1156","580287","510751",1,"SK0315","SK0315","Liptovský Peter","Liptovský Ondrej"
"1157","580287","510858",4,"SK0315","SK0315","Liptovský Peter","Malužiná"
"1158","580287","510947",7,"SK0315","SK0315","Liptovský Peter","Podtureò"
"1159","580287","510963",9,"SK0315","SK0315","Liptovský Peter","Pribylina"
"1160","580287","510998",3,"SK0315","SK0318","Liptovský Peter","Ružomberok"
"1161","580287","511111",3,"SK0315","SK0315","Liptovský Peter","Vavrišovo"
"1162","580287","511170",1,"SK0315","SK0315","Liptovský Peter","Východná"
"1163","580287","511196",3,"SK0315","SK0315","Liptovský Peter","Závažná Poruba"
"1164","580287","558281",7,"SK0315","SK0315","Liptovský Peter","Liptovská Porúbka"
"1165","580287","580287",11,"SK0315","SK0315","Liptovský Peter","Liptovský Peter"
